id,domain,status,purchase_price,renewal_price,attractiveness,demand,length,registrar,created_at,expires_at,status_verified_at
0f2f730e-4c3f-4b26-bb78-c5dd4ba90339,chargeable.garden,available,1.98,43.98,medium,low,10,namecheap,,,12/08/2026 02:27
9b254cff-f33b-4cab-af8c-9062b4b8a770,ias.garden,available,1.98,43.98,high,low,3,namecheap,,,29/09/2026 21:40
323ebb38-db62-46eb-b444-fb711dcd15b6,pious.garden,premium,104,32.5,high,medium,5,namecheap,,,08/09/2026 19:57
560f92e1-17b9-488d-8f78-29be57ae67a3,balbriggan.garden,available,1.98,43.98,medium,low,10,namecheap,,,21/09/2026 21:25
7f7821a2-9f54-43f1-8220-3f9421edfc43,lipitor.garden,available,2.19,32.49,high,low,7,namesilo,,,21/09/2026 00:35
470bd2e8-1578-4663-a85a-11b5b7a624e8,consumed.garden,available,1.24,26.08,medium,low,8,spaceship,,,28/09/2026 22:51
a96da822-3263-40ce-a9c8-fc758349fbc6,astringent.garden,available,1.98,43.98,medium,low,10,namecheap,,,
5772c35a-a638-4137-b7f6-3cbad54dc675,manchester.garden,available,25.2,25.2,high,low,10,cloudflare,,,28/09/2026 19:49
cdecd17d-9404-4211-95e1-ac7ff1e53905,evanescent.garden,available,1.98,43.98,high,low,10,namecheap,,,17/08/2026 14:37
e558b44e-505b-4df5-9452-002ddeda8388,young.garden,premium,44.19,27.82,high,low,5,porkbun,,,28/09/2026 09:49
6b03c4dc-118d-40df-8a3d-26f09858d878,varicose.garden,available,1.98,43.98,medium,low,8,namecheap,,,13/09/2026 01:20
e40fd567-d7e7-42da-b99a-e1269464dda6,allotropic.garden,available,1.98,43.98,medium,low,10,namecheap,,,
8dd5e90f-668d-4c32-9273-68a2605f5f34,sexually.garden,available,1.98,43.98,medium,low,8,namecheap,,,16/09/2026 01:18
4294d49f-32ae-4009-bb19-ebc0b86898ab,tellingly.garden,available,2.19,32.49,medium,low,9,namesilo,,,16/09/2026 08:14
bd527f1b-8316-4985-a7b4-f100b7c7efec,emollient.garden,available,1.98,43.98,medium,low,9,namecheap,,,14/08/2026 01:39
ab19433e-8386-4dca-8f7a-b5d910aced29,cutthroat.garden,available,1.98,43.98,high,medium,9,namecheap,,,10/08/2026 23:02
218a5e58-3b4e-470b-a174-f9d316c3b3df,carries.garden,available,2.19,32.49,medium,low,7,namesilo,,,28/09/2026 04:37
d6908ed5-7ff2-40a1-83d5-39984dc00d39,mma.garden,available,1.24,26.08,high,medium,3,spaceship,,,28/09/2026 16:33
8dbbfb12-8803-458a-8633-f8dc4cf554cf,faculty.garden,available,1.24,26.08,high,low,7,spaceship,,,28/09/2026 09:44
786c0b63-a406-48ea-870c-32acd99e601c,highborn.garden,available,1.98,43.98,medium,low,8,namecheap,,,13/08/2026 01:48
5da99efa-c08c-4ac6-9311-b9e57ec5023f,annon.garden,available,2.19,32.49,medium,low,5,namesilo,,,19/09/2026 10:29
f263aea6-b41f-4f44-afe4-441746164dfa,germinal.garden,available,1.98,43.98,high,low,8,namecheap,,,18/08/2026 22:49
c8f9da8c-d363-4853-9292-3681dc9dcfe5,sevener.garden,available,1.98,43.98,medium,low,7,namecheap,,,
df9699be-f8f8-464b-982d-d5930fec5535,manic.garden,available,1.98,43.98,high,low,5,namecheap,,,18/08/2026 15:04
e3d215c5-9987-40f6-a6ef-0bee577354c9,planate.garden,available,1.98,43.98,medium,low,7,namecheap,,,18/08/2026 06:53
88b5e3b6-f700-4294-9de3-41d30037394c,aboard.garden,available,2.19,32.49,high,low,6,namesilo,,,28/09/2026 11:33
69921d6d-82ac-41f5-b5f1-1bd3ea68cd6d,physicians.garden,available,1.24,26.08,high,low,10,spaceship,,,30/09/2026 00:16
89d92028-c6ac-4650-a412-56ed9185d60f,terminally.garden,available,2.19,32.49,medium,low,10,namesilo,,,16/09/2026 08:25
f6b2ac25-5b24-47d6-9808-274983c1ba30,soviet.garden,available,1.98,43.98,high,medium,6,namecheap,,,10/09/2026 15:00
d42d273b-57b1-4e9b-9b46-e02c23bcda9f,ares.garden,available,2.19,32.49,high,low,4,namesilo,,,20/09/2026 04:02
b83441e0-bbde-454a-b8e0-aff531300f79,verdin.garden,available,2.19,32.49,medium,low,6,namesilo,,,21/09/2026 04:27
bd395620-519b-489f-b7b7-e6e3fc7be228,anaphora.garden,available,1.98,43.98,medium,low,8,namecheap,,,19/09/2026 02:13
38637f5e-9d98-4dbb-bc4d-6dd0553fe374,inevitable.garden,available,2.19,32.49,high,low,10,namesilo,,,25/09/2026 09:24
e1057787-725a-438a-89bf-c230205fe216,susurrous.garden,available,1.98,43.98,medium,low,9,namecheap,,,03/09/2026 11:24
01b7240a-3531-4e7b-b7b9-49ca8e45b6e7,sculptural.garden,available,1.98,43.98,high,low,10,namecheap,,,25/08/2026 02:53
27efe696-3b78-43d5-962e-08bf31915a54,bittern.garden,available,2.19,32.49,medium,low,7,namesilo,,,23/09/2026 23:02
43306c71-4353-41d1-ba5a-7a6f592674ea,stored.garden,available,1.98,43.98,low,low,6,namecheap,,,28/09/2026 17:31
fd7bbe23-479c-4d6b-9adb-ebd6576ba130,eyeless.garden,available,1.98,43.98,medium,low,7,namecheap,,,17/08/2026 20:02
b64f4574-7707-4888-b010-49152e7d8a3a,crotch.garden,available,2.19,32.49,medium,low,6,namesilo,,,24/09/2026 19:42
b71c6073-05a3-4d9b-b6ef-53134a48b047,materials.garden,available,2.19,32.49,medium,low,9,namesilo,,,28/09/2026 12:42
7fbf264d-717a-42e9-b2e4-8478dcf578b6,emperor.garden,available,1.24,26.08,high,low,7,spaceship,,,28/09/2026 01:49
b626a3d9-2401-4524-8a4e-70c8a6aa7dd8,bilby.garden,available,2.19,32.49,medium,low,5,namesilo,,,23/09/2026 15:40
82d737cb-b171-43d0-894a-d71381831964,liquified.garden,available,1.98,43.98,medium,low,9,namecheap,,,23/08/2026 22:47
73c6ddcd-1ce0-4948-9f7c-75d3d65cdc4e,latino.garden,premium,96,29.5,high,low,6,namesilo,,,21/08/2026 09:46
87ae81bc-90cf-4e07-8f5b-126a1316b828,billyho.garden,available,2.19,32.49,medium,low,8,namesilo,,,18/09/2026 09:17
5446ed6f-0f91-4747-902d-9271f9098d4e,ombu.garden,available,2.19,32.49,high,low,4,namesilo,,,23/09/2026 05:53
e629f41f-4d84-492a-a122-e876d5eb270e,mall.garden,premium,854,29.5,high,low,4,namesilo,,,
e1f281de-15b8-4c7c-925e-a07790054a14,balochi.garden,available,2.19,32.49,medium,low,7,namesilo,,,21/09/2026 23:40
a5c17c36-0d36-4e85-abd7-232129d8a9f3,kissing.garden,available,2.19,32.49,high,low,7,namesilo,,,24/09/2026 12:56
35024082-f0a3-4ad6-8bbc-d5fcb412e9b0,seperation.garden,available,2.19,32.49,low,low,10,namesilo,,,18/09/2026 17:16
8504f082-73dd-425e-b363-f66028bf97d0,wearable.garden,available,1.98,43.98,high,low,8,namecheap,,,13/09/2026 08:58
370a98f5-5a4e-4a5b-9606-6453d66fb743,star.garden,resell,,,high,medium,4,"Spaceship, Inc.",21/11/2018 12:40,21/11/2026 12:40,26/09/2026 09:16
ec76cd6c-51e0-4553-9067-382775e4423b,analyzable.garden,available,1.98,43.98,medium,low,10,namecheap,,,
28efce3c-192c-4e8e-898d-145a29a6f6e2,donegal.garden,available,1.54,26.26,high,low,7,porkbun,,,28/09/2026 21:57
7e64b792-e610-411e-b16a-493fa2ebf3f7,irascible.garden,available,1.98,43.98,medium,low,9,namecheap,,,21/08/2026 14:18
101eeec1-aa5b-493e-a1fc-fe7a046d750e,discovering.garden,available,25.2,25.2,medium,low,11,cloudflare,,,29/09/2026 10:28
d00be969-59c9-458d-b5d4-d9cfe1bdf1ee,gingerbread.garden,available,1.99,,high,low,11,name.com,,,
53bb7c2e-d33d-40b6-ae21-8890211ad0a2,pupils.garden,available,1.24,26.08,low,low,6,spaceship,,,28/09/2026 17:49
bd5331ba-8551-49bb-acb7-f312a2be89d5,squinty.garden,available,1.98,43.98,medium,low,7,namecheap,,,07/08/2026 03:20
79b4419b-687d-4824-be76-23b0533b237f,quarto.garden,available,2.19,32.49,medium,low,6,namesilo,,,16/09/2026 12:37
12f4f3c4-b24d-4d2b-a5a3-f8bb82e0372b,softback.garden,available,1.98,43.98,medium,low,8,namecheap,,,05/09/2026 01:13
52718661-48e5-41f7-a14b-4178c48f8deb,slayer.garden,available,25.2,25.2,high,low,6,cloudflare,,,30/09/2026 02:06
dfb59e38-5977-4a78-830b-56c6677631f8,finalize.garden,available,1.99,,high,low,8,name.com,,,
fd547a2f-06b2-43d5-a8ed-c13607faabb1,boxed.garden,available,1.98,43.98,high,low,5,namecheap,,,11/08/2026 00:02
2b8aad1c-3263-4e29-af00-5b815cf5379b,feather.garden,premium,437.19,27.82,high,low,7,porkbun,,,29/09/2026 19:02
14fcca38-9125-4280-be5e-0f3e987dba7e,curricular.garden,available,1.98,43.98,high,low,10,namecheap,,,13/08/2026 11:29
b02e717d-1b27-4eab-afb3-2ed8763a4ef4,needless.garden,available,1.98,43.98,medium,low,8,namecheap,,,03/09/2026 14:55
7042d4ef-830e-474e-8d5a-5b90cd39242c,nonesuch.garden,available,1.98,43.98,medium,low,8,namecheap,,,03/09/2026 20:13
c0b942c2-8f06-437b-84d8-1f106e8b3f5f,rump.garden,available,1.98,43.98,medium,low,4,namecheap,,,09/08/2026 11:28
a6a1b918-8a99-4ca8-bc2b-264425171aef,tiresome.garden,available,1.98,43.98,medium,low,8,namecheap,,,10/08/2026 20:03
7eff7838-e78c-40a9-8b28-a741a6c4bd03,craved.garden,available,1.98,43.98,high,low,6,namecheap,,,13/08/2026 05:25
938970c7-8dc5-4328-bf0c-0639f318f646,exits.garden,available,2.49,26.97,medium,low,5,dynadot,,,28/09/2026 17:05
21b66fa2-9bb0-4351-b429-7dac29f94873,floyd.garden,available,1.98,43.98,high,low,5,namecheap,,,25/09/2026 19:20
9673ffd3-c4ee-4a0c-9d55-05bda5e139a7,tetrad.garden,available,1.98,43.98,medium,low,6,namecheap,,,
5b5d19f1-d299-4c0e-98b2-a9a5cf1f7383,monte.garden,available,1.24,26.08,high,low,5,spaceship,,,28/09/2026 05:47
c3acfa1f-ab3c-4d81-b06c-c545a1ed7dfb,harper.garden,premium,52,32.5,high,low,6,namecheap,,,25/09/2026 06:58
631766a5-ca5b-4a39-bde3-96cfbfd66a88,grouch.garden,available,1.98,43.98,medium,low,6,namecheap,,,13/08/2026 04:56
7d8c0c17-9aac-45e1-a5f3-ccef6b9bc4c8,artwork.garden,premium,104,32.5,high,low,7,namecheap,,,28/09/2026 22:22
ad407254-474b-4360-a978-de9fd4d1b9d5,drugs.garden,premium,854,29.5,medium,low,5,namesilo,,,25/09/2026 16:42
21d36e98-3520-4aa0-87b8-16f03ef20e4c,aficionado.garden,available,2.19,32.49,high,low,10,namesilo,,,17/09/2026 15:01
bc9022a2-24c9-4958-a952-3d554488b91c,livingston.garden,available,2.19,32.49,high,low,10,namesilo,,,25/09/2026 09:01
25bdfa8c-d9cf-4811-a8cd-4e51ad55b0ee,hopeful.garden,available,2.19,32.49,high,low,7,namesilo,,,22/09/2026 09:48
e29bb3f8-abfc-475a-bc63-3d9b8f2ff9f1,wade.garden,available,25.2,25.2,high,low,4,cloudflare,,,28/09/2026 06:51
5f4d936f-4e3a-4fb4-991c-7d0286a1f326,conk.garden,available,1.98,43.98,medium,low,4,namecheap,,,17/08/2026 21:08
c5a2db9e-2cff-4b5d-9785-ffe4ccbde948,undesirable.garden,available,1.99,,high,low,11,name.com,,,
91852f86-f8de-4082-bedd-96c9f102acaf,minor.garden,available,1.98,43.98,high,low,5,namecheap,,,25/09/2026 20:28
d7ffacd2-6a9f-4040-a311-3dd7620106a5,mph.garden,premium,512,29.5,high,low,3,namesilo,,,30/09/2026 02:18
d0906c4f-50b8-4aad-b607-644be8bb61e7,expendable.garden,available,1.98,43.98,high,low,10,namecheap,,,17/08/2026 18:08
eb8e5ada-4487-4aa6-bff7-41c012aa9e9f,sharma.garden,available,2.19,32.49,high,low,6,namesilo,,,28/09/2026 03:27
bf60f1e1-0e0a-45a7-a205-7cad0bb1a554,massages.garden,available,2.19,32.49,medium,low,8,namesilo,,,20/09/2026 09:22
214222e1-8322-4354-9332-94858012ac3b,veridical.garden,available,1.98,43.98,medium,low,9,namecheap,,,13/09/2026 02:24
b010e06c-0611-4a2b-b3ad-c7ec2f27d635,birchbark.garden,available,1.98,43.98,high,low,9,namecheap,,,23/09/2026 19:23
37fb480e-45a5-4b9f-9c60-df437bbf9072,deb.garden,premium,,,medium,low,3,,,,29/09/2026 06:35
a2936a1d-9af4-4c1b-991c-eee5db10a188,adder.garden,available,2.19,32.49,medium,low,5,namesilo,,,17/09/2026 06:46
02a24acc-6fff-475d-a8df-7e9f5d426946,twaddle.garden,available,2.19,32.49,medium,low,7,namesilo,,,21/09/2026 23:55
651f7b4c-1e67-4bd8-8b2f-3455efa86b85,bisexual.garden,available,1.98,43.98,high,low,8,namecheap,,,10/08/2026 06:14
2a1a5596-0c77-497a-bde6-2e3fc37ffa08,crossing.garden,available,2.19,32.49,high,low,8,namesilo,,,27/09/2026 03:30
32fb85e7-3218-4742-867e-68bc2ba7f13b,edged.garden,available,46.99,46.99,high,low,5,name.com,,,13/08/2026 13:14
ce019276-193c-47c3-a3d3-391b29b17b7e,amounts.garden,available,25.2,25.2,low,low,7,cloudflare,,,28/09/2026 18:09
d487947f-46bc-4385-8ff9-2989bb4d969e,tofu.garden,premium,104,32.5,high,low,4,namecheap,,,22/09/2026 20:09
4c26e1e2-76be-44c5-b1e8-9f4e61191909,trophies.garden,available,25.2,25.2,medium,low,8,cloudflare,,,29/09/2026 17:40
b8df6c5c-fa94-406a-9c85-63fe017e070c,antoine.garden,available,1.98,43.98,high,low,7,namecheap,,,25/09/2026 14:52
353a1bad-b138-4fb1-ac2d-a307ea94f29f,alkanet.garden,available,2.19,32.49,high,low,7,namesilo,,,18/09/2026 08:26
38b98439-4698-41f7-8645-98b4d0615993,ballet.garden,premium,520,32.5,high,low,6,namecheap,,,21/09/2026 22:51
b2e0f743-4819-4407-b551-035ebdb9415c,blend.garden,premium,854,29.5,high,low,5,namesilo,,,24/09/2026 05:37
2b41aabd-7570-43ef-92f8-638afcd6b61b,monroe.garden,available,1.99,49.99,high,low,6,godaddy,,,28/09/2026 02:11
860d61ad-6508-4557-a57e-0156b647a81c,henrietta.garden,available,2.19,32.49,high,low,9,namesilo,,,25/09/2026 17:42
7142e724-47ff-49fc-984b-2c9149774c2b,offended.garden,available,1.98,43.98,medium,low,8,namecheap,,,04/09/2026 01:24
f238c4aa-7366-45e9-aeb2-0f30ffcb3954,dowding.garden,available,1.98,43.98,medium,low,7,namecheap,,,14/08/2026 17:10
70753bd5-67f5-471a-a2dc-625ecc62d2f2,case.garden,premium,828.2,26.08,high,low,4,spaceship,,,29/09/2026 07:33
a6fd6700-89fa-4549-b0fa-c18c8be29ac6,mustard.garden,available,1.24,26.08,high,low,7,spaceship,,,28/09/2026 06:28
058c0fb6-7e13-4cdc-98b7-ce1a6b99a1a4,stoutness.garden,available,1.98,43.98,medium,low,9,namecheap,,,04/09/2026 22:03
0753ecfe-8e62-46ef-87ef-b7fd2603a3be,saloons.garden,available,2.19,32.49,medium,low,7,namesilo,,,19/09/2026 22:32
8224aff3-1d17-447c-81b1-aaa66700c548,runny.garden,available,1.98,43.98,medium,low,5,namecheap,,,09/09/2026 19:37
0bef8948-a5fc-499f-a9fb-afe8ee93cd48,preset.garden,available,1.98,43.98,high,medium,6,namecheap,,,09/09/2026 01:24
48ddb319-0350-4d13-8cba-10410e63c55b,stops.garden,available,1.99,,high,low,5,name.com,,,
bb8f8a2e-696c-4f15-80e4-24df391adc89,walton.garden,available,2.19,32.49,high,low,6,namesilo,,,25/09/2026 05:07
cbaadd19-2210-451f-b409-939b5a935e25,domestic.garden,premium,96,29.5,high,low,8,namesilo,,,19/09/2026 12:54
a5335d7e-0bc6-4719-b0e1-5b0cfb9a2477,bellamy.garden,available,2.49,26.97,medium,low,7,dynadot,,,28/09/2026 12:15
0b735c0d-c503-4566-86f6-2bf73f7e14a7,cupid.garden,premium,96,29.5,high,low,5,namesilo,,,18/09/2026 22:35
48386f8e-6b93-4b16-8619-9e7fbfd4fa52,snatch.garden,available,2.19,32.49,high,low,6,namesilo,,,19/09/2026 14:54
e51ce4c0-8642-4b07-8306-36fc2eb9b536,rockets.garden,available,1.24,26.08,medium,low,7,spaceship,,,28/09/2026 13:30
7715dc88-2580-4489-ab0e-5dfd1f2f961b,size.garden,premium,83,26.08,high,low,4,spaceship,,,27/09/2026 22:17
c6e3c6cf-e934-4c23-836b-0646c4a46909,acetic.garden,available,1.98,43.98,medium,low,6,namecheap,,,
25615a53-b78a-4300-82cf-fc9f4288bd98,erection.garden,available,2.19,32.49,high,low,8,namesilo,,,29/09/2026 00:49
2c658d80-e513-4e82-8e0c-0913a2624e4b,teasing.garden,available,1.99,46.99,high,low,7,name.com,,,22/09/2026 05:24
85220a73-f5a5-4939-b66e-2996098a06a6,diminuendo.garden,available,1.98,43.98,medium,low,10,namecheap,,,13/08/2026 22:19
1d806715-c548-478d-8b3f-523d19f1d492,bellingham.garden,available,2.19,32.49,high,low,10,namesilo,,,23/09/2026 06:12
441c99a9-0504-4e8b-be69-f11864bd90ed,radish.garden,premium,260,32.5,high,low,6,namecheap,,,24/09/2026 20:53
ab8e7469-294f-4d1b-8c25-570dec84e9e8,biotype.garden,available,1.98,43.98,high,low,7,namecheap,,,23/09/2026 19:14
d67851a6-8e04-4185-9ea7-87d1dfa89881,bedbug.garden,available,2.19,32.49,medium,low,6,namesilo,,,22/09/2026 22:45
a8cc9395-0c0a-4e33-a75a-99a16fbd81ae,repaired.garden,available,2.19,32.49,medium,low,8,namesilo,,,28/09/2026 23:01
bd7c5cf2-5a63-4e90-95f8-ec26ee63f9af,epidermal.garden,available,46.99,46.99,medium,low,9,name.com,,,13/08/2026 13:06
21ea8fa1-6e2c-44ae-b8de-c727a1b5a639,mundane.garden,available,1.98,43.98,high,low,7,namecheap,,,17/08/2026 14:55
5eb6b22f-dd66-4eb1-9667-d1ec677cbe97,eroded.garden,available,1.98,43.98,high,low,6,namecheap,,,17/08/2026 12:24
21328933-abcf-4f54-b8e0-feec96dafa17,monogenic.garden,available,1.98,43.98,high,low,9,namecheap,,,25/08/2026 05:13
0b697580-2b72-4e27-8e33-dee1a5d92668,reptile.garden,available,1.98,43.98,high,low,7,namecheap,,,09/09/2026 14:41
7759f1f3-7876-4ffd-b427-ec4a88496386,atheneum.garden,available,2.19,32.49,medium,low,8,namesilo,,,20/09/2026 20:41
977904a0-09f6-4a96-b591-dbede29345a7,permission.garden,available,2.19,32.49,high,low,10,namesilo,,,25/09/2026 09:53
c09a68e5-0780-486f-8198-382a381ae62e,downplay.garden,available,2.19,32.49,high,low,8,namesilo,,,21/09/2026 15:36
1337d06f-df8e-4214-a295-36763e000c5c,messenger.garden,available,2.19,32.49,high,low,9,namesilo,,,24/09/2026 18:45
f670a305-c471-4fc0-9890-c52e1b65d45e,witless.garden,available,1.98,43.98,medium,low,7,namecheap,,,03/09/2026 17:49
18047539-70ad-4e0f-af62-559e5e33f59c,rna.garden,premium,47.2,29.5,high,low,3,namesilo,,,25/09/2026 10:20
7116b524-c62b-4b75-a59c-e81172e1d6a2,lupin.garden,available,1.98,43.98,high,low,5,namecheap,,,24/08/2026 11:41
57371b19-f9a2-4669-b912-c50707075358,sheeplike.garden,available,1.98,43.98,high,medium,9,namecheap,,,10/09/2026 06:18
1dc70d3d-be40-45e4-8866-bad87e4f3007,lief.garden,available,1.98,43.98,medium,low,4,namecheap,,,17/08/2026 20:49
185356e4-6438-4af9-bec8-0b7fab4e2747,gods.garden,premium,500,,high,low,4,name.com,,,
0d50df29-5bf2-4643-bea7-696257d58a45,nihilist.garden,available,2.19,32.49,medium,low,8,namesilo,,,19/09/2026 02:26
00a461fe-5eee-4887-a1b6-1e1f71b6f5f0,hindustani.garden,available,1.98,43.98,medium,low,10,namecheap,,,21/08/2026 09:35
5c72e17a-d957-4c6d-8f0c-fdaf3c71133b,xxx.garden,premium,242,29.5,high,medium,3,namesilo,,,
9c43e81f-5227-44d1-a783-0a1070cea81c,afrikaans.garden,available,1.98,43.98,medium,low,9,namecheap,,,
3ea183ee-0d8f-4b17-b005-76efeed61b6d,acetate.garden,available,2.19,32.49,high,low,7,namesilo,,,17/09/2026 00:03
b3378788-9432-480a-9869-ddd72b21cb15,moated.garden,available,1.98,43.98,medium,low,6,namecheap,,,25/08/2026 02:14
ddd50867-116e-44d0-b484-d9b0e99bd3e2,pimiento.garden,available,2.19,32.49,high,low,8,namesilo,,,23/09/2026 05:38
cd8fcd56-6c52-47e8-bbaf-4452992bd84a,sin.garden,premium,512,29.5,high,medium,3,namesilo,,,10/09/2026 08:32
99a72012-dfb4-4993-a832-9cc5c27bfab1,berkelium.garden,available,1.98,43.98,medium,low,9,namecheap,,,21/09/2026 00:14
6aee7099-1d74-403d-9cd3-354d0a74fc26,digitate.garden,available,1.98,43.98,high,low,8,namecheap,,,14/08/2026 07:19
78913d15-9dd1-4370-ad3d-9bca06f45991,camisole.garden,available,2.19,32.49,high,low,8,namesilo,,,24/09/2026 11:52
add7af39-4f3d-4ee4-bf08-600f37fab1f2,throat.garden,available,2.19,32.49,high,low,6,namesilo,,,26/09/2026 00:01
38ff9930-230e-438c-bd81-3d9d541e449d,shameless.garden,available,1.98,43.98,medium,low,9,namecheap,,,10/09/2026 05:53
ea250575-c2b8-48ec-954f-372b048c4b8e,rejection.garden,available,1.99,,high,low,9,name.com,,,
9faf880b-15cb-4d47-9b33-65c859af8952,sakharov.garden,available,2.19,32.49,high,low,8,namesilo,,,19/09/2026 04:30
4d165730-2825-4ade-85d0-47d298fe6e75,carriers.garden,available,2.19,32.49,medium,low,8,namesilo,,,29/09/2026 05:47
7cc7c143-3757-4c6c-8673-10e4f441fb43,assurgent.garden,available,1.98,43.98,medium,low,9,namecheap,,,07/08/2026 08:26
4f2317af-aeba-407e-9f7a-a01a81fcd34b,bergen.garden,available,2.19,32.49,high,low,6,namesilo,,,23/09/2026 09:19
e9145e2e-11b6-4561-b902-4c6aea23cec2,bettor.garden,available,2.19,32.49,medium,low,6,namesilo,,,23/09/2026 11:49
579344f5-46d1-4975-a318-d5f2d3a67fb8,arkansas.garden,premium,2660,29.5,high,low,8,namesilo,,,20/09/2026 06:13
9e468e9b-7376-4881-9f12-da25ba432080,dinosaurs.garden,available,25.2,25.2,high,low,9,cloudflare,,,29/09/2026 11:13
f1e741cf-d004-48f8-bef4-16ac062dc6e2,participants.garden,available,2.19,32.49,medium,low,12,namesilo,,,18/09/2026 04:57
98704852-85f8-4ffa-911b-d31b5d76e7d1,surprising.garden,available,1.98,43.98,high,low,10,namecheap,,,28/09/2026 02:05
bd78209b-b72a-4700-9e06-38e6dfd1cdb8,muffle.garden,available,46.99,46.99,medium,low,6,name.com,,,13/08/2026 16:49
24f6bf62-d2f8-4254-9175-7cb2691794dc,sinkable.garden,available,1.98,43.98,high,medium,8,namecheap,,,10/09/2026 08:30
951f6585-c545-4cfd-b115-9cc94110a290,guffaw.garden,available,1.98,43.98,high,low,6,namecheap,,,23/09/2026 06:41
fb666f66-5ba5-4285-aea1-ba197e2bac27,whelan.garden,available,1.24,26.08,medium,low,6,spaceship,,,29/09/2026 16:28
12c3b390-6fd2-4a9d-8939-40f911e54211,grants.garden,premium,96,29.5,high,low,6,namesilo,,,29/09/2026 09:56
d9f45a00-211c-4e02-985b-c42b233bf337,gymnastic.garden,available,1.98,43.98,high,low,9,namecheap,,,
f03c7edf-ad11-47fa-84bc-0afdc821ee89,scripture.garden,available,2.19,32.49,high,low,9,namesilo,,,23/09/2026 12:48
06bfbaee-3178-42a1-ad8e-85afd47a9ea3,blotto.garden,available,1.98,43.98,low,low,6,namecheap,,,09/08/2026 15:32
411dd63f-fea1-4950-8f9e-4d42f3e8089b,ahem.garden,available,1.98,43.98,high,low,4,namecheap,,,17/09/2026 20:20
a855f656-a34f-4cb7-8551-b3440fce9d57,knocked.garden,available,2.19,32.49,low,low,7,namesilo,,,25/09/2026 18:45
41df5d55-f6ff-41e2-a165-59bbb8361cd5,endured.garden,available,1.24,26.08,medium,low,7,spaceship,,,29/09/2026 23:57
36f3d0f5-0f18-48af-a68e-63cae2cdcf6f,account.garden,premium,520,32.5,high,low,7,namecheap,,,28/09/2026 06:17
14887fad-b602-43ec-bab3-96521b2bcc69,courtney.garden,available,1.98,43.98,high,low,8,namecheap,,,25/09/2026 21:37
11a59357-939a-48a0-bf70-535db1a52bb1,lackluster.garden,available,1.98,43.98,medium,low,10,namecheap,,,22/08/2026 18:07
076eaa2c-a397-4304-b660-bb2f09b5b1c9,consultation.garden,available,1.24,26.08,high,low,12,spaceship,,,29/09/2026 22:42
d378f9c4-c9bc-495c-b49b-8069d63f3097,aar.garden,premium,47.2,29.5,medium,low,3,namesilo,,,16/09/2026 13:19
69dd8b6d-a4d2-4651-bae2-2be37f098bf9,ward.garden,premium,47.2,29.5,high,low,4,namesilo,,,16/09/2026 13:33
8f8b6065-b501-475a-9fef-931b3a207059,grasp.garden,available,2.19,32.49,high,low,5,namesilo,,,19/09/2026 22:13
61c95052-5e8a-4052-a44d-d787d7fa00ef,mcgovern.garden,available,2.19,32.49,medium,low,8,namesilo,,,28/09/2026 08:53
ad79b76d-d3a4-4e98-9ead-f7e0bc683d99,cecil.garden,available,1.98,43.98,high,low,5,namecheap,,,29/09/2026 09:15
e207abc2-7950-4641-93d6-2c2580e29ddf,buccal.garden,available,1.98,43.98,medium,low,6,namecheap,,,11/08/2026 07:27
d44dbc65-21ad-43f5-bac0-a23b1e57ada9,intense.garden,available,2.19,32.49,high,low,7,namesilo,,,25/09/2026 09:55
81423bdd-1a95-4019-b943-8c6e8cd48d5d,grave.garden,available,1.98,43.98,high,low,5,namecheap,,,20/08/2026 18:38
f0263957-eaf2-4f3b-886e-300d7db85605,mallard.garden,available,2.19,32.49,high,low,7,namesilo,,,19/09/2026 03:01
2c37d54f-f88d-47b9-bf32-d44a4856bbaf,blaming.garden,available,1.24,26.08,medium,low,7,spaceship,,,28/09/2026 18:00
0043678f-891d-4e2b-8e2e-c68e9d89c5b0,ingenious.garden,available,1.98,43.98,high,low,9,namecheap,,,22/08/2026 04:52
3f532026-1b6c-42f5-adeb-0d4f93b84baf,marcia.garden,available,1.54,26.26,high,low,6,porkbun,,,28/09/2026 03:56
2a6f66fd-555c-4bf9-93f1-c1378d4fd3db,lacerate.garden,available,1.98,43.98,medium,low,8,namecheap,,,22/08/2026 17:51
dc5d8035-c8e1-472d-a153-3573cc3a6b2d,agassiz.garden,available,2.19,32.49,medium,low,7,namesilo,,,17/09/2026 16:23
3629d420-2d6d-44cd-890a-ed43ec7f15f7,tensile.garden,available,1.98,43.98,medium,low,7,namecheap,,,11/09/2026 11:30
af126ef5-be08-4eb7-8364-aa193c1c50e2,resect.garden,available,1.98,43.98,medium,low,6,namecheap,,,17/08/2026 15:12
fdf10046-f14d-4d04-bc89-6e9e3c420b4a,thinly.garden,available,1.98,43.98,medium,low,6,namecheap,,,11/09/2026 13:26
0136280a-32c4-4ff0-b1f1-b23ab9463834,twee.garden,available,46.99,46.99,high,low,4,name.com,,,13/08/2026 15:49
2cf94c92-72c4-40cb-a231-f18a267a5d3f,worthy.garden,available,2.19,32.49,high,low,6,namesilo,,,28/09/2026 11:05
2e43219a-0c51-4205-ba2e-c0e9fcfaa598,abaft.garden,available,1.98,43.98,low,low,5,namecheap,,,
a3db9d91-4dd0-4460-b972-79a5ec659d5c,preserved.garden,available,2.19,32.49,high,low,9,namesilo,,,27/09/2026 05:50
5a5f0091-cf20-463d-a1d8-b50a052453e6,irritating.garden,available,1.98,43.98,medium,low,10,namecheap,,,
35aa3d07-9578-46e2-bc44-350d38754cc4,commandery.garden,available,2.19,32.49,medium,low,10,namesilo,,,29/09/2026 00:27
629d1bec-500f-4ac3-a25d-ecf3909b7ade,prentice.garden,available,2.19,32.49,medium,low,8,namesilo,,,19/09/2026 22:19
f1b6319f-bb16-4dba-9a5e-0224add82568,destined.garden,available,2.19,32.49,high,low,8,namesilo,,,24/09/2026 06:55
51863648-1c1d-41d2-b2ec-48cbde5f8d0d,govern.garden,available,1.24,26.08,high,low,6,spaceship,,,29/09/2026 13:54
60350d4b-0a53-4059-9ff7-b3f3716f8acc,bonner.garden,available,2.19,32.49,high,low,6,namesilo,,,28/09/2026 07:28
aeec9b44-18a1-4417-b559-2bd88a1890bc,cue.garden,premium,500,,high,medium,3,name.com,,,29/09/2026 13:01
7a6ce84e-95aa-4d10-a240-0201136f2f59,cloth.garden,premium,47.2,29.5,high,low,5,namesilo,,,28/09/2026 02:26
dfa16280-6b99-4689-a4d1-597e3772bd08,homicide.garden,available,2.19,32.49,medium,low,8,namesilo,,,25/09/2026 07:26
d6cf50d5-0682-41c0-bfe0-20536e9b0191,pensacola.garden,available,2.19,32.49,high,low,9,namesilo,,,25/09/2026 23:59
0d55eed1-a35b-4af3-9b5d-a2d169ab41f9,mound.garden,available,2.19,32.49,high,low,5,namesilo,,,29/09/2026 06:29
e60e9211-cc12-4a33-aab8-165da997b270,belt.garden,premium,854,29.5,high,low,4,namesilo,,,28/09/2026 13:21
b281875a-9d49-4366-97ad-d559e3af97a6,humdrum.garden,available,1.98,43.98,medium,low,7,namecheap,,,21/08/2026 15:05
a9135720-0057-4d0b-8732-8e44b452611e,surfaces.garden,available,1.99,,medium,low,8,name.com,,,
41d9e4d3-c906-46cb-b601-091a3e3fbbce,joint.garden,available,2.19,32.49,high,low,5,namesilo,,,22/09/2026 08:50
122797b8-34a1-40f4-851f-c7d6ecd5c178,ultrasonic.garden,available,1.98,43.98,high,low,10,namecheap,,,11/09/2026 22:51
45cf8d76-ceb6-4a25-965c-566c28772373,catalonia.garden,available,2.19,32.49,medium,low,9,namesilo,,,28/09/2026 09:16
c37c870d-cc46-4784-baf2-7e9a4a40aa8c,herculean.garden,available,1.98,43.98,high,low,9,namecheap,,,21/08/2026 07:06
970045eb-ca85-4dd0-823e-09e2910dc2df,answerer.garden,available,1.98,43.98,medium,low,8,namecheap,,,19/09/2026 12:14
2cb8cf05-a968-444c-84b2-e597951bc754,gao.garden,available,1.98,43.98,high,low,3,namecheap,,,25/09/2026 06:16
53f37bea-f80a-4e8a-9504-fa04a3c9d20d,phantasma.garden,available,1.98,43.98,high,low,9,namecheap,,,08/09/2026 18:38
7dfbafba-27e2-4b60-92db-4f92ac1064a5,kinky.garden,premium,854,29.5,high,low,5,namesilo,,,17/08/2026 22:20
bd379a2d-a2d1-4368-b043-268b5badced9,leger.garden,available,1.98,43.98,medium,low,5,namecheap,,,16/09/2026 23:07
0b06c192-e710-4a69-b09f-ec8437f948e1,agnatic.garden,available,1.98,43.98,medium,low,7,namecheap,,,
b41d4a1d-8a08-4397-8d8c-eff7bb97b417,manky.garden,available,1.98,43.98,medium,low,5,namecheap,,,24/08/2026 15:12
9afa255b-f121-4e4b-9c66-942a1edbf92a,chronic.garden,available,1.98,43.98,high,low,7,namecheap,,,25/09/2026 09:04
168449fe-abc7-419a-b4ff-fbdb07076be2,chapstick.garden,available,1.99,,high,low,9,name.com,,,
e9afb061-d93b-44fc-9e5f-9d52b7d58754,skanky.garden,available,1.98,43.98,medium,low,6,namecheap,,,14/08/2026 10:49
c0ba3bb2-f9e3-4dde-b03b-f45ede15f6cd,legible.garden,available,1.98,43.98,high,low,7,namecheap,,,22/08/2026 22:59
33f16da2-79fd-4bee-a1a8-ac15798e98be,asia.garden,premium,2070.2,26.08,high,low,4,spaceship,,,28/09/2026 22:29
3f81bbbd-7ed9-42be-b8db-33d442409224,allis.garden,available,2.19,32.49,medium,low,5,namesilo,,,18/09/2026 11:06
1bd80179-ff7b-44a6-b3e5-67c5f85ebc66,dishonesty.garden,available,1.54,26.26,high,low,10,porkbun,,,29/09/2026 15:54
caa4be38-fe1a-4cc3-9169-e69616279941,suspected.garden,available,1.98,43.98,medium,low,9,namecheap,,,11/09/2026 04:53
4b47bf27-882f-447e-8238-72e3360c101b,bubbling.garden,available,1.98,43.98,high,low,8,namecheap,,,11/08/2026 07:15
91f5f48e-4902-498f-962e-d434fab841bd,packaged.garden,available,1.98,43.98,high,low,8,namecheap,,,04/09/2026 22:44
9e6df04b-435f-40a7-84be-c4f01d2db00a,foaming.garden,available,1.98,43.98,high,low,7,namecheap,,,11/08/2026 07:18
718f9a05-b85c-4775-9c78-b77bbc5f5fb9,underwear.garden,available,1.99,,high,low,9,name.com,,,
a8d87901-73e4-4312-b403-5504803f00cd,dimly.garden,available,1.98,43.98,medium,low,5,namecheap,,,14/09/2026 12:45
6c3e7239-01ad-4d3b-82f2-3aea7c92ec4a,offspring.garden,available,25.2,25.2,high,low,9,cloudflare,,,28/09/2026 11:24
7f6598b4-de14-440c-9826-ba4b87177a6d,nsw.garden,available,2.19,32.49,high,low,3,namesilo,,,28/09/2026 10:31
22ce5ef1-7879-46b1-90cd-47c049407622,kind.garden,premium,96,29.5,high,low,4,namesilo,,,25/09/2026 12:40
3e1b6875-0f1e-4adf-9574-9d6fe6bd78f3,monstrous.garden,available,1.98,43.98,medium,low,9,namecheap,,,07/08/2026 14:47
a16b99c2-8a13-45f2-8614-5a85b9f1fc1e,earthling.garden,available,1.98,43.98,high,low,9,namecheap,,,11/09/2026 10:43
61168281-7951-4bc4-8933-6f4fcd082bc3,ferny.garden,available,1.98,43.98,high,low,5,namecheap,,,18/08/2026 02:00
e2454f1e-32d7-448a-82c7-78406480f959,trotsky.garden,available,25.2,25.2,medium,low,7,cloudflare,,,28/09/2026 19:41
8a0a0781-0cf3-4abe-9ed7-84643e7e7926,proclamation.garden,available,2.19,32.49,high,low,12,namesilo,,,29/09/2026 16:06
1bae0032-7ad6-48d8-8259-2a7b9f34aa44,abiding.garden,available,1.98,43.98,high,low,7,namecheap,,,21/09/2026 13:52
913e0544-a4f1-414e-8bcb-a811abb926c6,nodding.garden,available,1.98,43.98,high,low,7,namecheap,,,12/08/2026 00:48
713b9a27-0573-4c84-a7a4-aa3fe81da97f,ministers.garden,available,2.19,32.49,medium,low,9,namesilo,,,29/09/2026 17:05
e9798c02-f119-4ed8-b0cd-28c657a9b526,cope.garden,available,1.98,43.98,high,low,4,namecheap,,,24/09/2026 18:08
78ff3232-ce87-43e7-8a0e-008cd655b473,sister.garden,available,2.19,32.49,high,low,6,namesilo,,,26/09/2026 00:18
d3e1d95c-fa52-405e-9a95-2254982ae2d1,goofproof.garden,available,1.98,43.98,medium,low,9,namecheap,,,18/08/2026 10:41
92f5a89f-24ed-4f9b-a076-a3c83da65ab5,langdon.garden,available,2.49,26.97,medium,low,7,dynadot,,,28/09/2026 16:35
4f9387ba-30b7-4b49-a6f2-59e126da2d20,wapiti.garden,available,2.19,32.49,medium,low,6,namesilo,,,18/09/2026 19:45
50147200-5308-4587-995f-f675f6537b9b,verbosely.garden,available,1.98,43.98,medium,low,9,namecheap,,,15/09/2026 12:43
06b72fd7-fbb1-454d-bdd3-664a89c517ce,shopkeeper.garden,available,2.49,26.97,high,low,10,dynadot,,,28/09/2026 02:48
811c0024-e647-4217-bcc0-0557a819cb46,balance.garden,premium,500,,high,low,7,name.com,,,27/09/2026 12:05
c602440a-dc22-489e-8571-0c17ae3926f0,shipped.garden,available,25.2,25.2,medium,low,7,cloudflare,,,28/09/2026 13:02
17a89ee1-5077-49a1-a702-40241c8b85f5,recognizes.garden,available,1.24,26.08,medium,low,10,spaceship,,,29/09/2026 11:34
a39a9572-53c0-4ac5-b341-11597f99b257,thayer.garden,available,2.19,32.49,medium,low,6,namesilo,,,28/09/2026 08:07
6ee941b6-79b3-4303-b17f-54c07f2c7662,horror.garden,available,1.24,26.08,high,low,6,spaceship,,,27/09/2026 14:08
773f9a05-6740-46a7-ac47-d7ab9fe93c63,warming.garden,available,1.98,43.98,high,low,7,namecheap,,,11/08/2026 14:09
4073bba8-5808-4209-a897-76ac749ccd84,single.garden,premium,2660,29.5,high,low,6,namesilo,,,21/09/2026 10:43
9a94cf60-3ea1-4d96-ab09-b14709f2f884,qualities.garden,available,2.19,32.49,medium,low,9,namesilo,,,28/09/2026 08:30
8866133d-29de-43b7-8841-b91f81e5750b,aeriform.garden,available,1.98,43.98,medium,low,8,namecheap,,,
4a5aa3e3-ada0-4ac6-ac41-a9eb0fef8fbe,sibylline.garden,available,1.98,43.98,medium,low,9,namecheap,,,11/08/2026 12:20
1e557a56-fe08-46ed-bcb5-e40cf870d41d,auric.garden,available,1.98,43.98,medium,low,5,namecheap,,,07/08/2026 17:36
784b96f4-6c17-43ba-be28-bfdc70a55de6,roll.garden,available,2.19,32.49,high,low,4,namesilo,,,27/09/2026 15:56
0581a787-fdf3-4b85-ad30-0ae1ed3ccf0e,grisly.garden,available,1.98,43.98,medium,low,6,namecheap,,,18/08/2026 23:15
9317ce9c-6fb4-44ae-9e20-38c7697a7b58,billings.garden,available,1.98,43.98,high,low,8,namecheap,,,23/09/2026 16:32
04773691-0e0c-411d-9a2b-6a6c368cfbad,yours.garden,available,1.99,,high,low,5,name.com,,,
643059fe-d871-4c09-b0fb-dad2bef4191d,cinematic.garden,available,1.98,43.98,high,low,9,namecheap,,,12/08/2026 08:13
a49a7e5b-f2cc-4056-a7cc-1e419037735e,smashingly.garden,available,1.98,43.98,medium,low,10,namecheap,,,16/09/2026 02:49
472c739c-fa86-43f7-a3dd-384eecbd701a,inlaid.garden,available,1.98,43.98,high,low,6,namecheap,,,22/08/2026 05:47
cd0e1c67-4949-4048-b295-aea5b438405d,thrilly.garden,available,1.98,43.98,medium,low,7,namecheap,,,18/09/2026 19:36
9636f68a-0a46-42d5-a649-be95a3e84cbe,blabby.garden,available,1.98,43.98,low,low,6,namecheap,,,09/08/2026 21:03
ec3b5300-5f8c-4471-8fc2-da5448860a5d,silvio.garden,available,1.24,26.08,medium,low,6,spaceship,,,30/09/2026 00:38
c2a247a2-989e-4c7c-87ed-58bb8761356c,sarcosomal.garden,available,1.98,43.98,high,medium,10,namecheap,,,09/09/2026 21:29
16960e41-8282-49ae-b1b2-2f7764bdf58d,nsc.garden,available,1.54,26.26,high,low,3,porkbun,,,29/09/2026 07:39
163410ce-8837-46b3-812e-0a63d8463ba3,equid.garden,available,1.98,43.98,medium,low,5,namecheap,,,17/08/2026 11:47
f215e968-8a6a-45ea-906f-e0e7b9c4cf1b,ambush.garden,available,1.98,43.98,high,low,6,namecheap,,,24/08/2026 12:29
a8b2b73c-7990-44dc-9662-c19f09495848,brotherly.garden,available,1.98,43.98,high,low,9,namecheap,,,11/08/2026 06:18
644c1a7b-7640-4cba-9369-388a05b8d9ac,raul.garden,available,1.24,26.08,high,low,4,spaceship,,,28/09/2026 22:04
3cf33d6d-2122-49df-99a8-6fc1fa52d277,carl.garden,available,2.19,32.49,high,medium,4,namesilo,,,25/09/2026 11:30
322f769d-77a0-427f-bbd1-354479ff5fc9,cubitus.garden,available,2.19,32.49,high,low,7,namesilo,,,20/09/2026 11:25
2cbeaca2-2e27-4c0e-b8f5-8233b1cdb60d,conduit.garden,available,2.19,32.49,high,low,7,namesilo,,,24/09/2026 17:11
79f425a7-40ee-489d-969f-5bce573f8f31,contingent.garden,available,2.19,32.49,high,low,10,namesilo,,,23/09/2026 22:07
a21eb6c6-99c2-4dfb-b15f-1886cbe97213,inhuman.garden,available,1.98,43.98,medium,low,7,namecheap,,,12/08/2026 16:25
294b9467-c347-4c81-ab86-58edbee9766f,censorship.garden,available,2.19,32.49,medium,low,10,namesilo,,,29/09/2026 06:17
95ed9184-911a-4094-8ade-29a7ec982f3c,conditioned.garden,available,2.19,32.49,medium,low,11,namesilo,,,29/09/2026 22:53
3ddc95fd-4222-49bb-bdf4-634ac9725591,storytellers.garden,available,2.19,32.49,high,low,12,namesilo,,,20/09/2026 12:55
6024ab58-510a-4996-b235-87300350fb00,alienist.garden,available,2.19,32.49,medium,low,8,namesilo,,,18/09/2026 07:40
e1d13633-213e-4f29-8e41-68991336e23d,trivalent.garden,available,1.98,43.98,medium,low,9,namecheap,,,11/09/2026 20:13
a00326ca-e48d-4902-a1ec-0bb0f998361a,heritable.garden,available,1.98,43.98,high,low,9,namecheap,,,21/08/2026 07:08
4c03a17d-8aab-4fa7-b03a-98e59118e440,extent.garden,available,25.2,25.2,high,low,6,cloudflare,,,28/09/2026 05:39
425ea123-e754-4f33-a7d0-382144bf7b09,fury.garden,available,2.19,32.49,high,low,4,namesilo,,,24/09/2026 21:41
66b5f898-ace8-414e-a902-f029dd2c0d8a,misery.garden,available,2.19,32.49,medium,low,6,namesilo,,,27/09/2026 04:46
f0226260-8bae-4df8-92a8-8b7bd405a20d,cannibal.garden,available,2.19,32.49,medium,low,8,namesilo,,,19/09/2026 13:56
163f81e6-87bf-49c6-ad0d-f478573712a9,tormented.garden,available,1.98,43.98,medium,low,9,namecheap,,,
bcf8fa13-2c2b-4200-b545-b73687cc2e2b,conduction.garden,available,1.24,26.08,high,low,10,spaceship,,,29/09/2026 10:47
ccbbae05-0c02-4bdd-91f1-cbd824e4082f,circularly.garden,available,1.98,43.98,medium,low,10,namecheap,,,14/09/2026 06:55
e8c9715b-3947-480d-9664-1b9f3ee86801,thither.garden,available,2.19,32.49,medium,low,7,namesilo,,,16/09/2026 08:57
ae40d2e1-d03e-45a6-8658-d794fa813a09,soppy.garden,available,1.98,43.98,medium,low,5,namecheap,,,09/08/2026 01:14
e6ebd9ef-38bf-44e2-b65d-3f97c28c754a,godfrey.garden,available,1.98,43.98,high,low,7,namecheap,,,25/09/2026 18:26
b72b4f06-ca8d-424f-977d-261f75d4e7cc,qin.garden,available,2.19,32.49,medium,low,3,namesilo,,,28/09/2026 13:41
4d728fdf-57df-4d2a-a1e7-cc9c73afba6f,columbo.garden,available,1.98,43.98,medium,low,7,namecheap,,,18/09/2026 19:32
7878f06a-6e9b-4bc2-8e5b-5f2a251c08fd,keynesian.garden,available,1.98,43.98,medium,low,9,namecheap,,,22/08/2026 15:46
ce2385a4-93c1-40dd-9268-d64999932ef8,apoplectic.garden,available,1.98,43.98,medium,low,10,namecheap,,,06/08/2026 03:29
e5c729d1-2162-4a88-8ea2-34e2d96f6272,acrylate.garden,available,2.19,32.49,medium,low,8,namesilo,,,17/09/2026 04:05
36547791-9971-4801-971f-908aac5d336e,clara.garden,premium,52,32.5,high,low,5,namecheap,,,25/09/2026 13:33
3f8e6df2-9d2b-4b7a-a6f2-16f9d31813cd,reactive.garden,available,1.98,43.98,high,low,8,namecheap,,,09/09/2026 10:56
76cf5e32-5e5a-4062-8328-13cfd5c3ef46,tornado.garden,available,2.49,26.97,high,low,7,dynadot,,,29/09/2026 11:57
a598eeb0-ff93-43c7-822a-2e50ad438af7,masters.garden,premium,96,29.5,high,low,7,namesilo,,,29/09/2026 17:44
2558a10d-7d15-42cc-8e48-e143db0485e4,newborn.garden,available,1.98,43.98,high,low,7,namecheap,,,03/09/2026 16:41
274ca8c5-c671-4fe4-82ae-bc4a0b16dd5e,fuckster.garden,available,1.99,,medium,low,8,name.com,,,
f03dfe9c-42e2-4c91-a993-731a89e2ba22,raf.garden,premium,47.2,29.5,high,low,3,namesilo,,,27/09/2026 05:07
ba6f4854-d17f-42f7-b45c-ed6438a3b5c8,surge.garden,available,2.19,32.49,high,low,5,namesilo,,,23/09/2026 16:36
5de45bb0-a6a4-46a7-8f15-94e16ac316bf,bret.garden,available,25.2,25.2,medium,low,4,cloudflare,,,29/09/2026 03:55
db957baf-5dea-49b2-8bb9-1caf4074eceb,rounder.garden,available,1.98,43.98,high,low,7,namecheap,,,23/08/2026 00:51
32e37fdd-eb73-4a56-8afe-145ae2a4ba49,alzheimers.garden,available,2.19,32.49,medium,low,10,namesilo,,,18/09/2026 15:29
8afef4a8-8067-4e71-9d81-1b4f05ab2781,heartsick.garden,available,1.98,43.98,medium,low,9,namecheap,,,11/08/2026 05:30
f9634089-cb03-4862-ae70-4a18dd9383e2,mister.garden,available,1.99,,high,low,6,name.com,,,
8de93feb-6a18-4c31-9304-bde8afd2b260,hodge.garden,available,1.54,26.26,medium,low,5,porkbun,,,29/09/2026 15:06
265d00aa-9a57-4f04-aa8a-701f6a4226cb,cedar.garden,premium,88,26.97,high,low,5,dynadot,,,29/09/2026 00:24
afa4b5cb-a4a8-4e3b-8cf9-e0f5ba070e0a,teaser.garden,available,2.19,32.49,high,low,6,namesilo,,,19/09/2026 10:50
a7854727-19f0-4888-bc99-4f09b9577513,sims.garden,available,2.19,32.49,high,low,4,namesilo,,,29/09/2026 04:07
71a4fd37-3fcd-4c3a-b3b8-49d7a7e8d0fc,drug.garden,premium,854,29.5,high,low,4,namesilo,,,25/09/2026 00:15
d9aa771f-b22f-4e7c-ad9b-3a20da2c61a4,lustrous.garden,available,1.98,43.98,high,low,8,namecheap,,,11/08/2026 11:00
e0574bfd-f1c9-48af-b959-f79e8c3457f0,aphonic.garden,available,1.98,43.98,medium,low,7,namecheap,,,05/08/2026 23:17
a62a5fda-d50d-4784-8e0b-4d3f756ab391,artisan.garden,available,2.19,32.49,high,low,7,namesilo,,,20/09/2026 11:51
50ddb769-dc70-4df7-b816-c751ce62c2ad,xlviii.garden,available,1.98,43.98,medium,low,6,namecheap,,,
66411665-ae9d-4411-b033-aece57b0d075,skint.garden,available,1.98,43.98,medium,low,5,namecheap,,,11/08/2026 05:21
a7542783-c629-4988-a754-934b7dd84fc5,inscribe.garden,available,1.98,43.98,high,low,8,namecheap,,,21/09/2026 06:39
a78b6cf0-ef43-4534-b1f0-5db14e59c295,huffman.garden,available,2.19,32.49,medium,low,7,namesilo,,,29/09/2026 15:25
25f7e8bb-a445-4ac2-9131-3ac4967d9666,recognised.garden,available,2.19,32.49,high,low,10,namesilo,,,21/09/2026 15:30
d0494b0b-6784-4792-9862-72be43d4c277,separated.garden,available,2.19,32.49,medium,low,9,namesilo,,,19/09/2026 04:08
d29ab8d2-b9d4-4a2c-b11e-49ab873e6b2f,nicki.garden,available,1.99,,high,low,5,name.com,,,
5975e548-bb37-4249-a7fb-2fb7dd09876d,unshapen.garden,available,1.98,43.98,medium,low,8,namecheap,,,12/09/2026 19:33
7dc0b14e-326a-41b5-9f32-1e1d8c7a9178,respect.garden,available,1.98,43.98,high,low,7,namecheap,,,24/09/2026 21:15
0e261c1d-ac6e-483d-ba60-11c9012f3a12,cmc.garden,available,1.24,26.08,high,low,3,spaceship,,,29/09/2026 21:38
d011aa83-fc92-492a-81e2-8e87fdcd8c75,zack.garden,available,1.98,43.98,high,low,4,namecheap,,,27/09/2026 18:11
c870f157-3fd9-4cb2-bcde-f4cd70212d35,walkaway.garden,available,1.98,43.98,medium,low,8,namecheap,,,09/09/2026 19:32
238ab66f-66df-49f4-90e0-db87d87c5e01,zillion.garden,available,1.98,43.98,high,low,7,namecheap,,,11/09/2026 19:50
2fc3807c-fffe-45c3-973a-ddf028ddf755,upwardly.garden,available,1.98,43.98,medium,low,8,namecheap,,,12/09/2026 22:57
dc8063ae-24b3-4b9c-98d1-d5a6a67cd944,heist.garden,available,2.19,32.49,medium,low,5,namesilo,,,20/09/2026 06:36
389484f4-be90-499c-847b-1ddbd88516de,diminutive.garden,available,1.98,43.98,high,low,10,namecheap,,,08/08/2026 14:10
f8fe8e19-16fd-4121-86f8-dd6e9a3247b0,deceiver.garden,available,2.19,32.49,medium,low,8,namesilo,,,23/09/2026 02:29
1b977d19-a808-4891-9f18-4ec6265bb70d,abbey.garden,premium,96,29.5,high,low,5,namesilo,,,16/09/2026 14:25
ac5674fd-8253-4563-93e7-54d9106b60d1,coefficient.garden,available,1.99,,high,low,11,name.com,,,
a6eb5ae1-1de9-4b58-bc12-6f971dc5b27f,diamantine.garden,available,1.98,43.98,medium,low,10,namecheap,,,14/08/2026 05:52
ce36fe76-befa-446c-adb3-c822b8949e97,proactive.garden,available,2.19,32.49,high,low,9,namesilo,,,27/09/2026 06:56
f2e25bb2-ee0c-4685-a7a5-1c5208f6fadb,edified.garden,available,1.98,43.98,high,low,7,namecheap,,,15/08/2026 09:32
39c5a656-8859-41d8-b5ec-1c48df9f0499,responsible.garden,available,2.19,32.49,high,low,11,namesilo,,,25/09/2026 11:15
a5b2ab76-0c0e-499a-8b46-a16383ddf843,performs.garden,available,1.99,,medium,low,8,name.com,,,
f496a6b3-18bb-47f4-bb38-62f13c1486fb,voluble.garden,available,1.98,43.98,medium,low,7,namecheap,,,13/09/2026 06:59
fe9646f9-7ea0-40f8-a243-e691e227c7b2,scalable.garden,available,1.98,43.98,high,low,8,namecheap,,,09/09/2026 22:15
1c7c1fb5-4015-4723-b994-88b5a172fa43,parental.garden,available,1.98,43.98,high,low,8,namecheap,,,08/09/2026 01:14
30a8b232-5c8d-4900-b741-5569e6e5c35c,repellant.garden,available,1.98,43.98,medium,low,9,namecheap,,,14/08/2026 10:41
23dbaf88-7efb-4936-808a-057eb78e0b47,cheapjack.garden,available,1.98,43.98,medium,low,9,namecheap,,,12/08/2026 03:25
448c30c7-7c72-450a-a788-abaaacdffd94,extrinsic.garden,available,1.98,43.98,medium,low,9,namecheap,,,17/08/2026 19:37
724fd6b0-5906-4439-b964-c0f5418be031,totemic.garden,available,1.98,43.98,medium,low,7,namecheap,,,11/09/2026 18:10
1086fc10-1dbe-449a-8162-26d5f3604028,staffordshire.garden,available,1.24,26.08,medium,low,13,spaceship,,,28/09/2026 11:53
de3be0dc-bce5-4e2b-abde-330fa63c0924,keyes.garden,available,2.19,32.49,medium,low,5,namesilo,,,28/09/2026 16:42
1ae474bc-4225-444c-aadf-1acea6c7d9ed,interfere.garden,available,1.54,26.26,high,low,9,porkbun,,,28/09/2026 03:20
40a0a611-059d-46c4-b825-4a0515af5257,monition.garden,available,2.19,32.49,medium,low,8,namesilo,,,17/09/2026 09:04
ef73dae9-c62c-4fb0-8b74-2b27294ba522,strips.garden,available,2.19,32.49,medium,low,6,namesilo,,,20/09/2026 02:09
ef5abdcf-3037-446e-81a7-0836d2d97d73,evenly.garden,available,1.98,43.98,high,low,6,namecheap,,,14/09/2026 16:30
8a2b4470-b346-46ea-bc84-83b38157c2f2,bawler.garden,available,2.19,32.49,medium,low,6,namesilo,,,22/09/2026 16:58
8761beac-aadf-4ed5-ba64-0ba174ee8852,loses.garden,available,2.19,32.49,medium,low,5,namesilo,,,27/09/2026 11:07
31592f3d-6714-418b-b370-9c205ae190fc,amok.garden,available,1.98,43.98,high,low,4,namecheap,,,
efddd82d-76ed-4260-ab43-463fa1d42889,bhutanese.garden,available,1.98,43.98,medium,low,9,namecheap,,,09/08/2026 18:24
19816454-1c18-44cf-bfa4-7fcb46fb135f,joliet.garden,available,1.98,43.98,medium,low,6,namecheap,,,29/09/2026 01:26
102f1d2c-a433-4204-8a67-b9f535536646,separately.garden,available,1.98,43.98,medium,low,10,namecheap,,,15/09/2026 08:00
530599c0-d587-438e-849e-780c17eaacb2,comfortably.garden,available,1.99,,high,low,11,name.com,,,
2c042758-2c48-4ed1-b72f-f73c48252a02,trends.garden,premium,520,32.5,high,low,6,namecheap,,,17/09/2026 19:12
7a9940ed-70e6-4c82-a671-874696a5cbd4,fervent.garden,available,1.98,43.98,high,low,7,namecheap,,,06/08/2026 16:14
c16fbc2e-4324-4ad6-ba94-a76d578513a9,baeda.garden,available,1.98,43.98,medium,low,5,namecheap,,,21/09/2026 17:19
e153fa8e-02f6-470d-a6fb-d050f858e2da,classified.garden,available,2.19,32.49,high,low,10,namesilo,,,19/09/2026 14:44
495cfb64-860c-43e0-a448-e3a547c115ab,biology.garden,premium,83,26.08,high,low,7,spaceship,,,28/09/2026 06:51
b4a555c8-d258-4026-a3b3-d5351016130b,violations.garden,available,25.2,25.2,medium,low,10,cloudflare,,,29/09/2026 10:53
c8be2e28-5fab-4c42-b35d-fe8f0dd60d23,ways.garden,premium,96,29.5,high,low,4,namesilo,,,
531ce301-8cfe-4b07-8fdd-34b6b9a81cd7,juiceless.garden,available,1.98,43.98,medium,low,9,namecheap,,,22/08/2026 14:18
a0f84b35-40bd-4343-862f-856241520954,hoggish.garden,available,1.98,43.98,low,low,7,namecheap,,,21/08/2026 10:16
0d6bb0d1-7611-4131-b848-ee04aff288ba,warwick.garden,available,2.19,32.49,high,low,7,namesilo,,,25/09/2026 05:09
e2f84269-9146-4bdc-ac11-68ea2e622a2a,riant.garden,available,1.98,43.98,medium,low,5,namecheap,,,22/08/2026 20:55
478e421f-d9c4-447d-aeed-cd3270d45e49,honduran.garden,available,1.98,43.98,medium,low,8,namecheap,,,21/08/2026 13:17
2222394f-f0fc-4307-b9f2-00a79375b579,sank.garden,available,1.24,26.08,medium,low,4,spaceship,,,29/09/2026 16:38
e4bd3b39-cbfe-4d69-8a10-1d9e0ffbd9c8,locke.garden,available,1.98,43.98,high,low,5,namecheap,,,25/09/2026 08:02
921dc230-c1ad-4a7b-82a4-c22181f9a1f8,nicaean.garden,available,1.98,43.98,medium,low,7,namecheap,,,03/09/2026 16:59
5ac8c706-047f-4893-9ca2-f6c648b334d7,starlike.garden,available,1.98,43.98,medium,low,8,namecheap,,,10/09/2026 18:54
cf9530fb-b4f6-4368-9d12-51e63ae16dd1,norris.garden,available,1.98,43.98,high,low,6,namecheap,,,23/09/2026 08:18
a15b81ee-5afa-49f7-bf7e-04c71a089f9a,examples.garden,available,2.49,26.97,medium,low,8,dynadot,,,29/09/2026 11:13
d6baadbf-6705-4deb-bb6f-ceb8a38818fe,morley.garden,available,2.19,32.49,high,low,6,namesilo,,,25/09/2026 05:08
9b53d97c-6f38-4de9-8a52-11add8cd3a83,beluga.garden,available,2.19,32.49,high,low,6,namesilo,,,17/09/2026 01:49
493ff634-99cb-4a0e-8204-d4757d1714f2,lendable.garden,available,1.98,43.98,medium,low,8,namecheap,,,22/08/2026 23:35
cd2e54fb-6007-45cc-b356-82a1c1e138e8,atc.garden,available,2.19,32.49,high,low,3,namesilo,,,27/09/2026 07:00
68671280-b6ae-446f-a88c-f0f3953851c7,reaches.garden,available,1.98,43.98,high,low,7,namecheap,,,18/09/2026 18:09
1ea3946f-1358-4de1-aa2b-46c7fa677691,amplifies.garden,available,1.98,43.98,medium,low,9,namecheap,,,17/09/2026 20:54
d2032b26-f181-47bc-a6d8-de00e4d61e07,extinction.garden,available,1.24,26.08,high,low,10,spaceship,,,29/09/2026 13:38
f4294fec-d048-49ea-9d65-92457d0297c5,antiquary.garden,available,1.98,43.98,medium,low,9,namecheap,,,
555e266f-840c-476b-ab7f-73def2811d9a,maiden.garden,available,1.98,43.98,high,low,6,namecheap,,,22/08/2026 05:32
6e27fdf3-9408-4a6a-83fc-189f4a77dd99,recalled.garden,available,1.98,43.98,medium,low,8,namecheap,,,18/09/2026 02:40
2447edda-9778-4f09-aad4-17d772a558cd,blasting.garden,available,1.98,43.98,high,low,8,namecheap,,,10/08/2026 13:10
fc3a20ef-4944-4603-8601-afd8051a16a0,cases.garden,available,1.98,43.98,medium,low,5,namecheap,,,17/09/2026 16:30
00d62ac0-7734-4854-b7a3-279c89b17bd2,supplicant.garden,available,1.98,43.98,medium,low,10,namecheap,,,11/09/2026 03:28
7e67ff90-ffcc-4ad5-b560-75637acd9427,cancellous.garden,available,1.98,43.98,medium,low,10,namecheap,,,11/08/2026 16:31
2fab5bd8-42ef-477a-878c-5269a0e40a37,naomi.garden,premium,,,medium,low,5,,,,28/09/2026 14:57
fa8c3578-a7ad-46b6-a097-f09791fa68cd,radiate.garden,available,1.98,43.98,high,low,7,namecheap,,,09/09/2026 09:40
2eb281ee-6d1d-4969-ad66-6431fb2bd2f7,unbound.garden,available,1.98,43.98,high,low,7,namecheap,,,12/09/2026 02:25
efbcd974-3fa0-45d5-bb96-2bd139697efe,greenberg.garden,available,1.99,46.99,high,low,9,name.com,,,27/09/2026 04:16
20682929-1fb5-4718-a5f9-95001b403cc2,quickly.garden,available,2.19,32.49,high,low,7,namesilo,,,27/09/2026 09:22
42ee66c7-f878-4d25-9912-98c6031f6ab7,urges.garden,available,1.98,43.98,medium,low,5,namecheap,,,16/09/2026 09:15
b54a7760-e538-4969-a320-1d8023c11d2e,arsonist.garden,available,1.98,43.98,medium,low,8,namecheap,,,22/08/2026 00:55
74641dd2-de65-4eaa-a3d1-7d05ff2ccce2,salem.garden,premium,,,high,low,5,,,,29/09/2026 18:13
c8cb851b-6382-4407-b9f1-0b9d57b35aa0,rube.garden,available,1.98,43.98,medium,low,4,namecheap,,,21/08/2026 08:03
d107efc9-a95e-44b7-91fb-b48266b3fb91,armed.garden,available,2.19,32.49,high,low,5,namesilo,,,22/09/2026 07:55
4d71f916-d7e2-4eda-9852-794270c9bc72,reps.garden,available,2.19,32.49,high,low,4,namesilo,,,21/09/2026 08:18
8057998e-5a7d-4788-92e8-2dd0ee9a11df,agrippina.garden,available,1.98,43.98,medium,low,9,namecheap,,,17/09/2026 19:33
6ade0b4c-485f-41ed-9cd2-17da1146262e,girls.garden,premium,260,32.5,high,low,5,namecheap,,,16/09/2026 23:49
9e063ae8-0dca-4aac-ba12-b0921ab073c6,additions.garden,available,2.19,32.49,medium,low,9,namesilo,,,18/09/2026 16:32
609e06a2-90cb-45e0-a37e-eb2adaa744c6,ire.garden,premium,47.2,29.5,medium,low,3,namesilo,,,19/09/2026 06:05
6478c05b-aca1-485e-998a-c6d4be37a673,dodson.garden,available,1.24,26.08,medium,low,6,spaceship,,,29/09/2026 22:21
bdca406e-7a42-4131-aa6e-974902be89a7,navarre.garden,available,2.19,32.49,medium,low,7,namesilo,,,27/09/2026 19:38
32664cba-a1d8-4184-994a-61e9b684503f,crooner.garden,available,1.98,43.98,high,low,7,namecheap,,,21/09/2026 22:42
28512a16-b2e5-4b31-ad5b-62e1366d12d8,cicero.garden,available,1.98,43.98,high,low,6,namecheap,,,29/09/2026 18:19
337b243a-f95c-48fe-b0ef-e2435409b37c,kendall.garden,premium,47.2,29.5,high,low,7,namesilo,,,25/09/2026 05:14
b4e652e6-5153-478d-bd76-0340ff2b5530,niner.garden,available,,,medium,low,5,,,,
296933eb-8a39-46d6-9984-be2d8f3e4bde,ingrown.garden,available,1.98,43.98,medium,low,7,namecheap,,,22/08/2026 04:56
68ee6fd6-a766-448a-a439-d5ce67eff247,bane.garden,available,1.98,43.98,medium,low,4,namecheap,,,22/09/2026 01:39
841abfb2-06b3-4a5c-8eb6-c15877fdb438,fittingly.garden,available,1.98,43.98,medium,low,9,namecheap,,,13/09/2026 20:32
b539adab-aa08-4c92-a5da-7d441aeef7c3,notion.garden,available,1.24,26.08,high,low,6,spaceship,,,29/09/2026 23:40
ccb6065a-34ba-480e-9b1d-9f59914ae12d,lucille.garden,available,2.19,32.49,medium,low,7,namesilo,,,28/09/2026 21:59
58174a30-03ef-4305-87cc-e26038b02dda,grin.garden,available,25.2,25.2,high,low,4,cloudflare,,,27/09/2026 23:08
f944e8ed-ab0e-489b-a8bb-ae507602e599,calciferol.garden,available,46.99,46.99,high,low,10,name.com,,,13/08/2026 15:07
13fae34b-545f-44e8-9552-43858575359c,folder.garden,available,25.2,25.2,high,low,6,cloudflare,,,29/09/2026 03:36
84545d7a-8f86-4033-b33e-20eabbf7d22c,sparkling.garden,available,1.98,43.98,high,low,9,namecheap,,,15/08/2026 14:45
01570edc-dc00-4c07-99d4-a6e371229d68,mainland.garden,available,1.54,26.26,medium,low,8,porkbun,,,28/09/2026 14:49
14629b99-bc78-4dff-bd91-19243126ff14,aeration.garden,available,2.19,32.49,high,low,8,namesilo,,,17/09/2026 12:46
fb5f8fb7-c041-4cf9-9034-08fa91a80ddd,unfit.garden,available,1.98,43.98,medium,low,5,namecheap,,,12/09/2026 10:23
2628cf50-f4de-4771-8da3-ea936a8fc838,abomasum.garden,available,2.19,32.49,medium,low,8,namesilo,,,16/09/2026 16:29
45e43ea6-6f6b-435d-9e60-0c1d5346a521,macedonian.garden,available,1.98,43.98,high,low,10,namecheap,,,24/08/2026 12:46
a50dff2b-70eb-468c-a322-1a4801a99f24,wooden.garden,premium,83,26.08,high,low,6,spaceship,,,28/09/2026 10:45
8a3d6ec6-93de-4814-8e57-50e50057ea9a,dionysian.garden,available,1.98,43.98,medium,low,9,namecheap,,,14/08/2026 08:24
7d550854-02be-4985-8e07-a103636f1d97,calls.garden,available,2.19,32.49,medium,low,5,namesilo,,,18/09/2026 14:59
d6d24367-bd9a-4f1e-a367-10da9e1e86ae,synthesized.garden,available,1.99,46.99,medium,low,11,name.com,,,17/09/2026 19:35
5aabe69d-459c-4447-95e0-5d4ce207d8bf,unhinge.garden,available,2.19,32.49,medium,low,7,namesilo,,,24/09/2026 22:50
50cdbe9b-9165-4c48-a400-a259070f5900,locations.garden,available,2.49,26.97,medium,low,9,dynadot,,,28/09/2026 17:11
0a9860ca-d2e4-420c-b03c-32f8eb1848be,saccadic.garden,available,1.98,43.98,high,medium,8,namecheap,,,09/09/2026 20:35
53bdc827-464c-46fb-acde-4c4dbef2f92e,lubricious.garden,available,1.98,43.98,medium,low,10,namecheap,,,24/08/2026 10:50
acfda8f1-1713-4d0a-a936-0065d50b5662,aalborg.garden,available,1.98,43.98,medium,low,7,namecheap,,,16/09/2026 13:10
052e5724-9c14-4f84-af39-66cd416518b1,inexorable.garden,available,1.98,43.98,medium,low,10,namecheap,,,
c6884942-5aaf-40c7-9685-0bdb7b9711b7,comedians.garden,available,2.19,32.49,medium,low,9,namesilo,,,19/09/2026 23:33
34db95a8-b59f-4cfd-96f6-24414b94e6f7,excited.garden,available,2.19,32.49,high,low,7,namesilo,,,24/09/2026 15:55
c953016d-7943-43ca-b375-c6ff68a4a4a4,edgar.garden,available,1.98,43.98,high,low,5,namecheap,,,25/09/2026 22:32
ac25ae7b-642e-43df-81a0-391e855f2213,maggie.garden,available,2.19,32.49,high,low,6,namesilo,,,25/09/2026 11:56
05da1842-54a2-4272-af0c-719faa0d5771,greatest.garden,available,1.98,43.98,high,low,8,namecheap,,,20/08/2026 19:40
aada22fd-453e-4969-9d7b-9b6bc884cefc,takes.garden,available,1.99,,medium,low,5,name.com,,,
21fda0dd-3a08-4e10-8f10-285096f422de,mak.garden,premium,47.2,29.5,high,low,3,namesilo,,,29/09/2026 13:22
952afa6a-3d88-4d6f-acf5-f5c96f5ab39c,shut.garden,available,1.98,43.98,high,low,4,namecheap,,,12/08/2026 12:10
1ada2ffd-e683-44bd-bbbb-2742829d2202,suites.garden,premium,512,29.5,medium,low,6,namesilo,,,29/09/2026 17:41
74414e1e-38d2-4c5e-b2ab-d3edf424442b,acquired.garden,available,,,high,low,8,,,,
178b070a-5ff1-4aff-94be-300b9ba0ac35,montevideo.garden,available,2.19,32.49,high,low,10,namesilo,,,24/09/2026 12:30
a80c3825-ca4e-4055-923c-b1af1314a49c,awry.garden,available,1.98,43.98,medium,low,4,namecheap,,,
e99a2583-039b-496a-9beb-8b7e02877e4a,tomboys.garden,available,2.19,32.49,low,low,7,namesilo,,,20/09/2026 23:15
8bdb5338-04ad-4ede-9a7a-d1293e29d0d0,sarcasm.garden,available,2.19,32.49,high,low,7,namesilo,,,24/09/2026 13:16
d5add995-75ed-4858-b6a6-3ea75974cb97,volcano.garden,premium,96,29.5,high,low,7,namesilo,,,
e5192196-5fe1-43b8-9296-1fd8514721d9,anopheles.garden,available,2.19,32.49,medium,low,9,namesilo,,,19/09/2026 11:39
6cd84ae1-4fa8-4296-a153-bc71e7c57a3f,blasted.garden,available,1.98,43.98,medium,low,7,namecheap,,,10/08/2026 12:35
af14ad53-64a5-4c64-9aa3-6431a4b2ecd7,doric.garden,available,1.98,43.98,high,low,5,namecheap,,,14/08/2026 16:13
9032f488-5a39-40a3-ba04-c2a6450ee9e7,liege.garden,available,1.98,43.98,medium,low,5,namecheap,,,18/08/2026 03:03
28eea6b5-b275-42c6-b873-0ff1e838c6e7,bootless.garden,available,1.98,43.98,medium,low,8,namecheap,,,10/08/2026 19:37
9b4e0e29-168c-44c4-8507-4493e4ae0d10,barlow.garden,available,2.19,32.49,high,low,6,namesilo,,,29/09/2026 03:31
5bf5e34c-d9a1-4651-a4ea-2262c4fed55a,involves.garden,available,2.19,32.49,medium,low,8,namesilo,,,19/09/2026 23:56
56f70835-e52d-4a12-b804-fe0e887af812,tectonic.garden,available,1.98,43.98,high,low,8,namecheap,,,06/08/2026 15:47
115eaf8f-bd49-4fe9-8fde-962c49fd71df,hanoi.garden,premium,828.2,26.08,high,low,5,spaceship,,,29/09/2026 07:17
1504a1d8-86f1-48dc-8d70-1049980aa610,roiled.garden,available,1.98,43.98,high,low,6,namecheap,,,
304e3329-e6cc-4cb6-acfa-0a328e1451a9,anthony.garden,premium,47.2,29.5,high,low,7,namesilo,,,19/09/2026 13:34
272b7b12-2b09-417a-be3f-0e9b32a002eb,glancing.garden,available,1.99,,high,low,8,name.com,,,
987fe025-9a08-486e-8ac4-472b503c67e5,tortious.garden,available,1.98,43.98,medium,low,8,namecheap,,,11/09/2026 17:59
6f911b38-3354-40f3-86a0-2878f1d81dd2,patiently.garden,available,1.98,43.98,high,low,9,namecheap,,,15/09/2026 19:20
23ba7d87-7b63-4eb5-ab2f-af97afc0a42f,ses.garden,premium,52,32.5,high,low,3,namecheap,,,28/09/2026 12:11
a22a9f5c-62bb-4fc7-8f46-a73161edbe55,physiology.garden,available,1.24,26.08,high,low,10,spaceship,,,29/09/2026 19:59
64bf118c-dc9e-4c44-a506-3d3763400156,fatherly.garden,available,1.98,43.98,high,low,8,namecheap,,,17/08/2026 23:36
d63a1af0-c4e9-4061-b45a-08d76ec18f43,finch.garden,available,1.98,43.98,high,low,5,namecheap,,,29/09/2026 06:55
17535ed9-5bf4-471a-a4d6-352c5813e979,tourist.garden,premium,87.86,27.82,high,low,7,porkbun,,,29/09/2026 22:57
28bdc983-ab10-4f27-bae1-b064b35cabb7,composing.garden,available,2.19,32.49,high,low,9,namesilo,,,24/09/2026 16:54
dc1cefe3-b270-4438-9cff-07bff692f66c,ativan.garden,available,1.99,46.99,medium,low,6,name.com,,,20/09/2026 21:30
4f8e4f4e-fd71-4f5e-96b4-5b8ca8d6df8d,strip.garden,premium,854,29.5,high,low,5,namesilo,,,24/09/2026 05:53
4239f7de-3d8d-448c-8045-33c824928f5b,alarmingly.garden,available,1.98,43.98,low,low,10,namecheap,,,13/09/2026 18:33
339325bc-03de-41e0-8d1f-1613ca46a1ff,fat.garden,premium,96,29.5,high,low,3,namesilo,,,24/09/2026 17:19
45f87910-b90f-49a9-a649-523fcbcf1b53,pulled.garden,available,1.99,,high,low,6,name.com,,,
c4e12d8d-3f12-4e2b-85fa-c9557d50adfe,trousers.garden,available,1.99,,high,low,8,name.com,,,
7fc839ce-84d7-443e-b207-838f0e5f1c25,midland.garden,available,1.98,43.98,high,low,7,namecheap,,,24/08/2026 22:36
343df7a0-435a-4208-ab29-eb4a283f5cf4,solvable.garden,available,2.49,26.97,high,low,8,dynadot,,,27/09/2026 12:17
8be3a1e6-9379-4700-ad1c-0c98a6f94dbd,exempt.garden,available,1.98,43.98,high,low,6,namecheap,,,17/08/2026 17:02
fe8524c5-f36c-4d46-ba63-e1ec9ca39bc4,gutsy.garden,available,1.98,43.98,high,low,5,namecheap,,,20/08/2026 21:14
710951b4-c316-4146-a9f8-770f4c2cd450,baikal.garden,available,1.98,43.98,high,low,6,namecheap,,,21/09/2026 18:54
4238b237-1db6-44bc-8a97-e44ebbd8f248,angelus.garden,available,1.98,43.98,high,low,7,namecheap,,,19/09/2026 06:03
914d7677-9554-4d4a-88d8-3cee00f197c1,rides.garden,premium,854,29.5,high,low,5,namesilo,,,17/09/2026 06:42
113735bc-1f9c-4c26-8ab6-7aef1e2b0f52,interrupt.garden,available,46.99,46.99,high,low,9,name.com,,,13/08/2026 12:38
f554a4d5-5640-4415-a446-813e2655cb6d,kershaw.garden,available,1.54,26.26,medium,low,7,porkbun,,,29/09/2026 22:25
30445b25-3669-4e64-a15b-8d0e75fd79a6,sullivan.garden,available,1.98,43.98,high,low,8,namecheap,,,19/09/2026 10:20
498c566a-f884-4a1f-83a4-b2320097e449,sternly.garden,available,2.19,32.49,medium,low,7,namesilo,,,16/09/2026 07:01
12dc06f9-ff61-4bf4-8113-99663c7a6577,hutton.garden,available,2.19,32.49,high,low,6,namesilo,,,25/09/2026 07:41
179a13ff-358a-4d13-8673-9ddc3e554f82,sectorial.garden,available,1.98,43.98,medium,low,9,namecheap,,,10/09/2026 01:22
db875ff2-0a3f-4944-a146-fd36616dfd2b,guts.garden,available,1.24,26.08,high,low,4,spaceship,,,29/09/2026 21:51
dac6068d-3bad-481c-a53d-487786fbafc1,fermium.garden,available,1.99,46.99,medium,low,7,name.com,,,20/09/2026 21:55
2874a22a-8fa7-46da-b766-c4b620cf60ad,anchorite.garden,available,2.19,32.49,medium,low,9,namesilo,,,19/09/2026 03:44
c8333540-ba57-4817-874d-57f07c4841ce,gregarious.garden,available,1.98,43.98,high,low,10,namecheap,,,20/08/2026 19:56
7247b4f7-c79a-450b-87ca-b86013b4f9d5,mentally.garden,available,1.98,43.98,medium,low,8,namecheap,,,15/09/2026 14:13
62393820-131e-4ad5-a99c-ac821417df6c,abrupt.garden,available,33.98,,high,low,6,namecheap,,,
9b8d4703-1f1a-4179-aeb4-05dd42a95ca2,carew.garden,available,1.24,26.08,medium,low,5,spaceship,,,30/09/2026 00:59
a5774977-3fd0-4c7c-92bc-a1f31af8fe5e,spielberg.garden,available,25.2,25.2,high,low,9,cloudflare,,,29/09/2026 13:59
51c8e01b-52e3-464e-846c-c33db655f220,alarmism.garden,available,1.98,43.98,medium,low,8,namecheap,,,18/09/2026 01:58
b1f10267-aee3-4569-82e1-e102346d5fe2,working.garden,premium,512,29.5,high,low,7,namesilo,,,19/09/2026 07:09
b4e56022-4e57-417b-ab61-ed052c9727f3,olmsted.garden,available,1.24,26.08,high,low,7,spaceship,,,28/09/2026 19:15
83504759-aa6a-4a68-97be-54b97809f86c,humphrey.garden,available,2.19,32.49,high,low,8,namesilo,,,25/09/2026 14:49
29b304a4-623e-487c-9e76-a86cab330e63,deepen.garden,available,1.98,43.98,high,low,6,namecheap,,,12/08/2026 19:32
08645249-31c4-44ab-86ae-19264d44ab27,birdhouse.garden,available,1.98,43.98,high,low,9,namecheap,,,23/09/2026 20:39
7759af22-3e9f-454b-b78e-c670accf5f8f,braille.garden,available,1.99,46.99,high,low,7,name.com,,,24/09/2026 08:01
c488f3ca-c5c1-4f6f-b1cd-3f71d1c21145,conquer.garden,available,39.98,,high,low,7,namecheap,,,
1a12035b-5cce-4aad-878a-5e044a5bfcdf,kinda.garden,available,1.98,43.98,high,low,5,namecheap,,,28/09/2026 16:02
ddadbfd8-e7af-4c6d-b5e8-d0fee1d4e49a,angelical.garden,available,2.19,32.49,medium,low,9,namesilo,,,22/09/2026 04:27
5204ed05-a668-48e7-a6e1-e63334316927,lui.garden,available,2.19,32.49,medium,low,3,namesilo,,,29/09/2026 15:19
4a5a10c2-730f-4e3a-b06a-1beb324a467c,lindbergh.garden,available,1.24,26.08,medium,low,9,spaceship,,,29/09/2026 06:20
f1725abe-c3a6-4640-8255-1e4c072869c2,arugula.garden,premium,52,32.5,high,low,7,namecheap,,,20/09/2026 12:10
6b73861d-3d57-4c49-81c9-3820c77a2870,zhu.garden,premium,41.6,26.08,high,low,3,spaceship,,,27/09/2026 20:59
af9bbd38-1a9e-47e6-91fb-769f7c6cca74,stertorous.garden,available,1.98,43.98,low,low,10,namecheap,,,10/09/2026 20:21
a4d033b3-4d6c-4e63-bd18-3058964c93a3,talk.garden,premium,854,29.5,high,low,4,namesilo,,,
851545bc-7507-44f4-9259-2205f92698d9,elvish.garden,available,1.98,43.98,medium,low,6,namecheap,,,16/08/2026 03:43
0663ef5e-e661-4e06-9186-f76dabdc4df1,realise.garden,available,1.24,26.08,high,low,7,spaceship,,,27/09/2026 16:29
04c00689-0c20-4a67-91db-eb389d8dfb30,peaks.garden,available,2.19,32.49,high,low,5,namesilo,,,29/09/2026 17:03
6933030d-acfe-4a41-bca5-1e45534ab791,cerebral.garden,available,1.98,43.98,high,low,8,namecheap,,,12/08/2026 00:30
b01eb349-53a6-41d4-ada2-b525974d4fb9,center.garden,premium,96,29.5,high,low,6,namesilo,,,23/09/2026 13:19
04bd1d32-440f-471c-bced-749c7b3ef13c,helium.garden,available,2.19,32.49,high,low,6,namesilo,,,20/09/2026 22:31
608ef1ee-e3a3-411e-b41b-90f253cd0291,introspections.garden,available,2.19,32.49,low,low,14,namesilo,,,
fae6670d-988c-451c-a80e-2b9e52a35b97,ruben.garden,available,1.24,26.08,high,low,5,spaceship,,,29/09/2026 00:07
8d047529-17ed-4987-b4fe-bbc9f84f46c6,yards.garden,available,2.19,32.49,high,low,5,namesilo,,,29/09/2026 08:47
185a35a1-f090-4851-9c5d-67ab5a03a2b1,penultima.garden,available,1.98,43.98,medium,low,9,namecheap,,,08/09/2026 15:14
65964a10-c4ab-4411-bee3-d37d00e9a067,tung.garden,available,2.19,32.49,high,low,4,namesilo,,,18/09/2026 05:36
1c80eb44-2ad7-4dea-a0e8-6a69807390b9,republic.garden,available,2.49,26.97,high,low,8,dynadot,,,27/09/2026 15:32
75b02f96-7fcc-4731-94e8-badb898c09f6,opposable.garden,available,1.98,43.98,medium,low,9,namecheap,,,06/08/2026 07:43
5676672c-5dde-490c-8e21-52cf2d0d4bb1,historic.garden,premium,47.2,29.5,high,low,8,namesilo,,,21/08/2026 09:51
008d2a3b-3529-41c2-93bc-4d3900d34073,involute.garden,available,1.98,43.98,high,low,8,namecheap,,,22/08/2026 09:12
41a328eb-961c-4604-93a9-1a2d8d8d6b46,plugged.garden,available,1.98,43.98,high,low,7,namecheap,,,08/09/2026 21:30
25c833bb-2b05-4689-8519-d3db6dcea9a3,some.garden,premium,854,29.5,high,low,4,namesilo,,,19/09/2026 12:35
c320bd72-89bc-402b-9d2f-6d53d3f3b3ab,relocated.garden,available,1.98,43.98,high,low,9,namecheap,,,09/09/2026 13:39
b06a862f-e475-4a73-ad7e-0470da20ed32,sate.garden,available,1.98,43.98,medium,low,4,namecheap,,,09/09/2026 14:30
da8b9970-667b-4f68-b1a8-9be490dfd70b,alkyl.garden,available,2.19,32.49,high,low,5,namesilo,,,18/09/2026 08:34
eb9d4867-cf1b-4236-8627-7c66a472069a,pencilled.garden,available,1.98,43.98,medium,low,9,namecheap,,,08/09/2026 13:59
cb06f697-4fea-4615-a609-088eadc3bf89,orphans.garden,available,1.24,26.08,low,low,7,spaceship,,,28/09/2026 18:19
fcce7de5-296e-4a1f-b12e-0348ee6453fd,bust.garden,available,2.19,32.49,high,low,4,namesilo,,,23/09/2026 09:51
cc4a8384-e01b-4947-a173-d1d0fb8d5caf,tweet.garden,available,,,high,low,5,,,,
ac2309c1-ce7c-4191-86e4-79ccb3d53033,autogenic.garden,available,1.98,43.98,medium,low,9,namecheap,,,07/08/2026 20:21
cbdc0ada-6ad3-4e55-8c7e-116334499ab0,referees.garden,available,2.19,32.49,medium,low,8,namesilo,,,20/09/2026 11:54
34e7fc3a-14e3-47c0-9797-52a76afd9774,puddings.garden,available,1.99,46.99,medium,low,8,name.com,,,19/09/2026 22:22
3a91bc83-82c0-4bc0-a4cd-921bf3cfe02d,bulimic.garden,available,1.98,43.98,medium,low,7,namecheap,,,11/08/2026 08:26
47c5d964-898f-4a1f-85a3-d9c8aac9b135,wax.garden,premium,500,,high,low,3,name.com,,,
d894e449-4d02-433e-a652-5e4ad52a8fd0,weapon.garden,available,2.19,32.49,high,low,6,namesilo,,,25/09/2026 10:57
14667ca9-bd02-460e-ac75-474bf48654e3,boron.garden,available,2.19,32.49,medium,low,5,namesilo,,,20/09/2026 23:12
2a1e7ac0-a200-4e34-9871-c1f706baf4c2,calamus.garden,available,2.19,32.49,high,low,7,namesilo,,,17/09/2026 02:27
9d61c90d-24ee-4af7-9b06-26f26b4a654b,ottar.garden,available,1.98,43.98,high,low,5,namecheap,,,20/09/2026 19:29
c90bf2ca-8b1f-4333-9ab0-42414708d4fb,iraqi.garden,available,1.98,43.98,high,low,5,namecheap,,,22/08/2026 09:35
1a346c07-9b50-49bf-b94f-252676813595,rhomboid.garden,available,1.98,43.98,high,low,8,namecheap,,,09/09/2026 16:47
51333e25-b944-49ef-9061-3c1b7ec187af,specials.garden,available,2.49,26.97,medium,low,8,dynadot,,,29/09/2026 17:33
f4c4b3cb-12e7-4a7e-a63b-30515459c447,shenandoah.garden,available,1.24,26.08,high,low,10,spaceship,,,27/09/2026 21:14
a8b346c3-d4ed-42ce-b854-1a1bc4f2f9da,bony.garden,available,1.98,43.98,high,low,4,namecheap,,,10/08/2026 18:42
9b9b09ba-c63d-44e6-bac0-ea4437c8d7cc,bleak.garden,available,,,medium,low,5,,,,
0e9815bb-c395-498e-a6b8-9eb8f6c0a122,tumbleweed.garden,available,2.19,32.49,high,low,10,namesilo,,,18/09/2026 15:52
c64c6aee-b744-40f7-80ea-4c90b32a9f15,loveless.garden,available,1.98,43.98,medium,low,8,namecheap,,,24/08/2026 10:09
abbe5e64-3829-412f-9ee1-f9692f3bddbf,alfalfa.garden,available,2.19,32.49,high,low,7,namesilo,,,18/09/2026 06:07
0dc67651-1a22-47ef-854f-487cbfb74efd,crustacean.garden,available,1.98,43.98,high,low,10,namecheap,,,13/08/2026 09:19
6e25e2c8-3b6d-4737-8523-46664b758440,brent.garden,available,1.24,26.08,high,low,5,spaceship,,,28/09/2026 05:19
fab6764f-c690-491b-9793-eab8adf6bce1,algerian.garden,available,1.98,43.98,high,low,8,namecheap,,,
408dcb08-d6d4-45a5-99c8-1289b7003473,dryness.garden,available,2.19,32.49,high,low,7,namesilo,,,24/09/2026 22:51
0352cba5-f847-4fce-a5b0-35750516c443,ltd.garden,premium,47.2,29.5,high,low,3,namesilo,,,25/09/2026 11:58
638cf2b6-293d-450f-a0a8-bb2a8168c5b0,constantly.garden,available,1.24,26.08,medium,low,10,spaceship,,,28/09/2026 14:18
974f1306-a3f0-409b-a949-f943aa139ebe,bioassay.garden,available,2.19,32.49,medium,low,8,namesilo,,,23/09/2026 17:38
0175491b-4bb1-46d4-9117-b253f8107bd1,indiscreet.garden,available,1.98,43.98,medium,low,10,namecheap,,,22/08/2026 03:07
2f29eda5-edd3-46d8-960c-4532dfa1cacd,maximal.garden,available,1.98,43.98,high,low,7,namecheap,,,24/08/2026 17:54
1b7129db-b2d8-4686-ba73-25bd148d0d5c,olaf.garden,available,1.24,26.08,medium,low,4,spaceship,,,28/09/2026 07:48
49e53853-4750-4c47-abaa-cfca9f9eb7e6,prisoner.garden,available,1.98,43.98,high,low,8,namecheap,,,11/08/2026 18:26
bcfaf1fb-5c34-44f0-9708-19846e7c8fd4,witching.garden,available,1.98,43.98,high,low,8,namecheap,,,13/09/2026 12:46
bd7d48db-ef61-4919-a9ed-b6e4bb9faeb7,alleged.garden,available,2.19,32.49,high,low,7,namesilo,,,22/09/2026 01:19
aceba201-4eff-4eaa-af3c-f827907a7052,amphibian.garden,available,1.98,43.98,high,low,9,namecheap,,,
431667cb-a840-4207-8738-9afdba49c24d,commonsense.garden,available,1.99,,high,low,12,name.com,,,
a5b06625-8dcb-4181-8f84-dcd4be7b24e6,flaming.garden,available,1.98,43.98,high,low,7,namecheap,,,18/08/2026 06:30
71a60930-146b-4de8-96de-78e32039f136,presidents.garden,premium,104,32.5,medium,low,10,namecheap,,,28/09/2026 23:13
b26a2715-4ffa-45af-8cf3-e2011d74c346,salary.garden,available,1.99,,high,low,6,name.com,,,
d7441ec3-c0bb-45ff-87cf-fc77746aac66,walters.garden,available,2.19,32.49,high,low,7,namesilo,,,25/09/2026 15:56
0fb2a9bb-2a4c-472a-97aa-ee721ead0a7b,friar.garden,available,1.98,43.98,medium,low,5,namecheap,,,24/08/2026 20:10
8cc994a9-2e40-4a7a-8309-42e2347bd377,eustace.garden,available,2.19,32.49,medium,low,7,namesilo,,,29/09/2026 15:27
db9cf4c5-e660-409c-8b43-33208521b74b,chasten.garden,available,1.98,43.98,high,low,7,namecheap,,,11/09/2026 07:42
bc709c0e-4bd9-4e9d-978a-187e41775453,montana.garden,premium,414.2,26.08,high,low,7,spaceship,,,28/09/2026 02:26
be97ae0c-b66e-4762-b6fe-c279a93e79bd,fulfillment.garden,available,2.19,32.49,high,low,11,namesilo,,,29/09/2026 23:14
52fb46b3-7509-420a-bdb9-5605069a81f4,persistent.garden,available,1.98,43.98,high,low,10,namecheap,,,14/08/2026 14:58
5f8826ec-3b13-4349-a076-ddc99d5f903a,juicy.garden,premium,50,46.99,high,low,5,name.com,,,18/08/2026 19:59
ba9e5af3-61ff-4cfc-9179-c9a109a4b148,clothing.garden,premium,47.2,29.5,high,low,8,namesilo,,,28/09/2026 04:12
8db403cf-a7be-44f4-8889-86c604f859be,millions.garden,available,1.98,43.98,medium,low,8,namecheap,,,25/09/2026 20:31
964898c6-1456-4ca3-87eb-4d075b2fc811,material.garden,premium,96,29.5,high,low,8,namesilo,,,23/09/2026 23:27
684c27dd-bb41-4ad8-9ce6-7406c36099b7,thoroughly.garden,available,1.98,43.98,high,low,10,namecheap,,,14/09/2026 17:01
824c2b44-286c-440a-9ce3-0ca335a28a82,aniseed.garden,available,2.19,32.49,high,low,7,namesilo,,,19/09/2026 09:27
2e14edeb-e1c9-4b21-a79c-d242edbeb57b,shepard.garden,available,2.19,32.49,high,low,7,namesilo,,,18/09/2026 01:40
59ec3aa3-702d-4e0e-bfea-2a37f10d0120,arid.garden,available,1.98,43.98,high,low,4,namecheap,,,06/08/2026 18:58
1529efe0-b1b7-436d-aad6-815d20309f01,accusing.garden,available,1.98,43.98,medium,low,8,namecheap,,,
85116656-bdde-4ede-9b88-a9b05484e5e4,offerings.garden,available,1.98,43.98,medium,low,9,namecheap,,,18/09/2026 10:39
bf83fa04-6de3-4fcf-9e1a-d64ca45d6156,tatum.garden,available,2.19,32.49,high,low,5,namesilo,,,20/09/2026 10:00
9db5da0d-9a0e-4228-8fd8-70f7189122f2,simulated.garden,available,2.19,32.49,high,low,9,namesilo,,,28/09/2026 03:46
699ec12b-ebf3-4e61-84c0-8a5f62830348,scaled.garden,available,1.98,43.98,high,low,6,namecheap,,,09/09/2026 22:20
7c2ca36e-4f4b-458a-9cd2-337d23d2d947,cohn.garden,available,1.24,26.08,medium,low,4,spaceship,,,28/09/2026 01:41
ac6d8564-7e12-429f-9585-2d2cdbc4fd5a,scripted.garden,available,2.19,32.49,high,low,8,namesilo,,,27/09/2026 18:42
353f08ce-496e-45c6-8b7b-b15789dfed3e,tamil.garden,available,1.98,43.98,high,low,5,namecheap,,,11/09/2026 07:48
1c9ebf56-9200-4400-a287-b2b8904c4374,sacral.garden,available,1.98,43.98,high,medium,6,namecheap,,,09/09/2026 20:38
3694c267-10e4-4226-bed8-8ea473dcd450,snails.garden,premium,47.2,29.5,medium,low,6,namesilo,,,29/09/2026 06:02
4773797d-a8c6-43a3-b295-8d7f96109a10,goddamned.garden,available,1.98,43.98,medium,low,9,namecheap,,,10/08/2026 12:48
ee34cc6d-8acd-429e-b5b1-b6185031dbd6,enlisted.garden,available,1.98,43.98,medium,low,8,namecheap,,,28/09/2026 22:48
c6ab1e11-01a3-4782-8938-9808a46533e0,pba.garden,available,1.24,26.08,high,low,3,spaceship,,,29/09/2026 14:26
a585bb7a-159e-4b52-9c65-2210fcd46a47,cans.garden,available,1.98,43.98,medium,low,4,namecheap,,,18/09/2026 22:47
f044ee93-d888-4805-b577-e58d1137a2d4,immortality.garden,available,2.19,32.49,high,low,11,namesilo,,,29/09/2026 05:02
07ac6f4a-25a3-4713-96f3-839bded5a07f,mediate.garden,available,1.98,43.98,high,low,7,namecheap,,,21/08/2026 23:37
221a069c-011f-46b0-ba89-b32a0c5ae440,antsy.garden,available,1.98,43.98,medium,low,5,namecheap,,,05/08/2026 20:27
d0315c9b-afc7-46fa-b236-3ac656f16c61,batter.garden,available,2.19,32.49,high,low,6,namesilo,,,22/09/2026 14:16
d93ab7bc-9102-4a9d-bc0e-a25f1f324af6,generic.garden,available,25.2,25.2,high,low,7,cloudflare,,,28/09/2026 07:54
9ee028d4-588b-48c1-87f7-423cb3afce08,fledgeling.garden,available,1.98,43.98,medium,low,10,namecheap,,,18/08/2026 07:32
f0735eac-b826-431a-960e-44f64be7f609,braw.garden,available,1.98,43.98,medium,low,4,namecheap,,,11/08/2026 02:45
f6277c45-bed2-4f8d-a9a4-c791a1c1f581,immaculate.garden,available,1.98,43.98,high,low,10,namecheap,,,18/08/2026 00:07
ea569455-4620-49d7-b0ed-92b3ce65b1b4,brie.garden,available,2.19,32.49,high,low,4,namesilo,,,29/09/2026 04:09
51130c10-a6cd-4c5a-8259-789abd9879bd,finespun.garden,available,1.98,43.98,medium,low,8,namecheap,,,18/08/2026 04:51
8e51c8fd-fd42-40b8-8c2a-cc9d321028b9,uses.garden,available,2.19,32.49,high,low,4,namesilo,,,25/09/2026 13:12
fd5ee923-9bd2-442e-bffc-58f783899043,affiliated.garden,available,1.98,43.98,high,low,10,namecheap,,,
e301960b-6141-4e32-87ad-65bae2bb4888,tuneful.garden,available,1.98,43.98,high,low,7,namecheap,,,24/08/2026 19:43
4f33a341-b316-4520-aca4-72ea2c2eec70,andrei.garden,available,1.54,26.26,high,low,6,porkbun,,,28/09/2026 04:07
47c13c05-6434-43fe-9742-5aa5c36d64b9,trouper.garden,available,2.19,32.49,medium,low,7,namesilo,,,22/09/2026 06:54
c711f8df-0ebb-4bb0-8243-76a3110cb1ce,holistic.garden,premium,96,29.5,high,low,8,namesilo,,,21/08/2026 10:30
6877ee0e-6b37-4ca2-84ec-ab50c01951b5,investigated.garden,available,25.2,25.2,medium,low,12,cloudflare,,,29/09/2026 00:03
2f626c3d-ccab-4fd8-82f7-c0c2a1495c34,slope.garden,available,2.19,32.49,high,low,5,namesilo,,,29/09/2026 23:47
6568edf6-9ffc-41c4-a3bb-271b3df977e3,statistics.garden,available,1.99,,high,low,10,name.com,,,
2b56ae83-d402-4e3a-aa92-5db43f16345f,evansville.garden,available,1.24,26.08,medium,low,10,spaceship,,,28/09/2026 01:52
4d6a95e9-11b7-4f2d-9eb8-d7e02faf6840,purau.garden,available,1.98,43.98,medium,low,5,namecheap,,,21/09/2026 22:02
408cebc1-8ffe-4cde-a1f1-e902d6e67fe0,hydroxy.garden,available,1.98,43.98,high,low,7,namecheap,,,21/08/2026 16:25
0a6c884f-f688-4179-b3ab-9d76157b3f9a,bottle.garden,premium,512,29.5,high,low,6,namesilo,,,24/09/2026 07:30
674238c2-ebd5-487a-b06e-25f658e90eaf,bovid.garden,available,1.98,43.98,high,medium,5,namecheap,,,10/08/2026 22:56
9a888ff7-038f-47ab-8234-065e9d87631b,ordeal.garden,available,2.19,32.49,high,low,6,namesilo,,,29/09/2026 07:47
cd804b14-4cd7-461c-b0c7-ea5094a79389,lithium.garden,premium,500,46.99,high,low,7,name.com,,,23/08/2026 00:43
14a270d1-b78e-46c9-af4a-396501cb2f8d,style.garden,premium,854,29.5,high,low,5,namesilo,,,08/09/2026 07:22
aa7d7c2f-0123-427e-94fd-c085e6df9154,dues.garden,available,1.99,46.99,high,low,4,name.com,,,19/09/2026 19:46
462bc0e3-f335-4898-9dea-1a6f52b6bd57,recommendation.garden,available,1.99,,high,low,14,name.com,,,
f02e9cf8-51f6-46f7-bce7-b2f417b4a7ee,devonian.garden,available,2.19,32.49,high,low,8,namesilo,,,17/09/2026 16:49
c69cc30c-8dd4-4ce8-9584-5f6cef22fe73,harm.garden,available,39.98,,high,low,4,namecheap,,,
0ecad2be-014b-41c2-aae9-bf249704269a,nell.garden,available,2.19,32.49,medium,low,4,namesilo,,,28/09/2026 07:53
b9a6e098-f857-4de0-bbdf-c73be5287dd1,ocular.garden,available,1.98,43.98,high,low,6,namecheap,,,04/09/2026 00:41
c02e04d9-4d06-4597-85fa-bf4903d66d92,mirish.garden,available,1.98,43.98,medium,low,6,namecheap,,,16/09/2026 16:36
fa761f34-5562-412e-9d11-e3210fa1ecdf,fabulously.garden,available,1.98,43.98,medium,low,10,namecheap,,,14/09/2026 17:19
3ec24019-4c46-45bd-83b2-4fb4d2e9bd8c,senate.garden,available,2.49,26.97,medium,low,6,dynadot,,,28/09/2026 10:53
06645048-b888-4d15-b17e-23a6e59b0f03,instruments.garden,available,2.19,32.49,high,low,11,namesilo,,,28/09/2026 04:58
270e18b2-4d62-489f-8660-da0ab5a51e53,ant.garden,premium,2600,32.5,high,medium,3,namecheap,,,28/09/2026 21:35
dec7bb54-3769-4ee5-a10d-b4a4eab65bd8,frilly.garden,available,1.98,43.98,medium,low,6,namecheap,,,18/08/2026 15:51
edb195a9-f69e-4c8e-bd12-4b6464bd2b9a,fixtures.garden,available,2.49,26.97,medium,low,8,dynadot,,,30/09/2026 00:04
2648135c-1782-4aab-b9be-5f0ffd0f7685,rowland.garden,available,2.19,32.49,high,low,7,namesilo,,,25/09/2026 15:13
cdc7683d-886a-49f9-bf44-91aab7683892,callaghan.garden,available,25.2,25.2,high,low,9,cloudflare,,,29/09/2026 09:50
b080effa-2d09-4259-92e5-c93851bdcd40,yeltsin.garden,available,1.24,26.08,medium,low,7,spaceship,,,28/09/2026 22:09
6b863a3d-469e-474c-a360-a453ddde6039,arguably.garden,available,1.98,43.98,medium,low,8,namecheap,,,13/09/2026 20:45
e2bb8af1-2e78-426e-8481-8a7ba5f9de3f,purpleness.garden,available,1.98,43.98,high,medium,10,namecheap,,,09/09/2026 06:23
4125f157-a3df-4e81-99f1-cad355bdb044,sultry.garden,available,1.98,43.98,high,low,6,namecheap,,,10/09/2026 20:31
c5e60e50-157e-4eb1-807c-c4d3d2ec9da4,birdseed.garden,available,1.98,43.98,high,low,8,namecheap,,,23/09/2026 19:50
7f06fde9-59c2-4061-a731-7258af7b30f6,uncolored.garden,available,1.98,43.98,medium,low,9,namecheap,,,12/09/2026 02:06
73890de0-cba2-4fec-b54e-2f16b4c897b6,indigotin.garden,available,1.98,43.98,medium,low,9,namecheap,,,22/08/2026 03:05
3a2468f0-e22c-449b-85d6-dd2a85225762,nerve.garden,available,2.19,32.49,high,low,5,namesilo,,,25/09/2026 23:41
4f7971ab-8c6e-45c7-9ff5-e5b5ff3f2b3e,lemonlike.garden,available,1.98,43.98,medium,low,9,namecheap,,,22/08/2026 23:27
e6a9b1b1-3de8-4f80-afd5-c19eb5e61e5b,queried.garden,available,2.19,32.49,medium,low,7,namesilo,,,20/09/2026 15:21
bd5d3932-5057-4084-966b-33772cf114f1,crush.garden,premium,96,29.5,high,low,5,namesilo,,,09/08/2026 05:21
7f34c70b-99c1-4568-a1da-1dca5fa973cd,dishonor.garden,available,1.24,26.08,high,low,8,spaceship,,,29/09/2026 15:45
657399f5-26b8-4f59-bffd-b8fbff066fa5,borderline.garden,available,2.19,32.49,high,low,10,namesilo,,,23/09/2026 00:01
e8cdbb3c-5e6e-4381-8036-3a2c78e7b22c,relies.garden,available,2.19,32.49,medium,low,6,namesilo,,,20/09/2026 06:27
e4a74a68-560c-4203-b22a-774063714a1d,relative.garden,available,1.98,43.98,high,low,8,namecheap,,,12/08/2026 21:33
8eaf9c50-25cd-410c-abf7-82af6804af67,beech.garden,available,2.19,32.49,high,low,5,namesilo,,,23/09/2026 00:02
31769b35-c164-4600-894c-c0d0456d35d0,going.garden,premium,96,29.5,high,low,5,namesilo,,,24/09/2026 22:35
88df1ad7-aafb-4a93-8d66-e2e674670748,dripping.garden,available,1.98,43.98,high,low,8,namecheap,,,14/09/2026 14:32
a23d92a7-b918-4ed0-9e9b-6bf08872ac4c,native.garden,resell,,,high,low,6,"GoDaddy.com, LLC",17/02/2023 04:08,17/02/2027 04:08,26/09/2026 07:43
2b59154d-9ed4-4afa-afad-8016f1a238ac,penile.garden,available,1.98,43.98,medium,low,6,namecheap,,,08/09/2026 14:21
e482c676-015e-4708-b6be-d3325c2d3724,unvoiced.garden,available,1.98,43.98,medium,low,8,namecheap,,,11/09/2026 03:39
caf6b5bd-a2c8-4536-a2cd-4202f1710612,arctiid.garden,available,2.19,32.49,medium,low,7,namesilo,,,20/09/2026 02:47
3cb510ab-df2a-410a-b485-a851eaab0a8b,traps.garden,available,2.19,32.49,high,low,5,namesilo,,,20/09/2026 04:06
7ab514fe-48b9-4941-824b-98e1da02d372,watkins.garden,available,2.19,32.49,high,low,7,namesilo,,,25/09/2026 15:58
373b3ee0-9a37-4382-90e1-12ca412b3fb4,baya.garden,available,1.98,43.98,medium,low,4,namecheap,,,22/09/2026 17:54
1197e6af-fe99-4da7-93d6-d5b3c07f9c59,sonoma.garden,premium,,,high,low,6,,,,27/09/2026 20:23
58bb123e-4f99-4702-bc3c-29004b5c6392,airfare.garden,available,2.19,32.49,high,low,7,namesilo,,,17/09/2026 23:10
669bc364-f42b-4895-93f1-8a786dbb3016,pit.garden,premium,512,29.5,high,low,3,namesilo,,,24/09/2026 13:22
bb82a932-3576-4c82-9b62-98738748c87f,chinchy.garden,available,1.98,43.98,low,low,7,namecheap,,,12/08/2026 05:42
c962795a-953b-4f47-825d-5ad9c402b0ef,rente.garden,available,1.99,46.99,medium,low,5,name.com,,,19/09/2026 10:58
95d55978-baf9-4683-8050-fd5a5e935f9d,billed.garden,available,1.98,43.98,high,low,6,namecheap,,,09/08/2026 21:23
1a26d2cf-5516-4dca-85ab-c56c911ca5a7,outwards.garden,available,1.98,43.98,medium,low,8,namecheap,,,04/09/2026 19:50
4448853f-8ec1-4f85-9137-673b9d6ef439,alonso.garden,available,2.19,32.49,high,low,6,namesilo,,,18/09/2026 07:29
42c1acc2-303d-4b3d-9d2c-8cd5b59e03aa,cyril.garden,available,2.19,32.49,high,low,5,namesilo,,,25/09/2026 04:29
02d9711d-e0fe-418f-a04e-8e96f4c49cdb,limbo.garden,premium,83,26.08,high,low,5,spaceship,,,29/09/2026 19:33
f151c4d5-09db-4d6e-a0fe-bac6b3524a2c,parameters.garden,available,1.24,26.08,medium,low,10,spaceship,,,30/09/2026 00:21
4e6f8450-d782-4149-8a9d-5c6f4db36367,introduction.garden,available,1.99,,high,low,12,name.com,,,
ed09e469-70bd-4a89-9b2e-c32e7a93f5d5,enviable.garden,available,1.98,43.98,high,low,8,namecheap,,,24/09/2026 14:16
fb486f13-4592-454f-ab0d-b6bdfc0b63fa,newcomer.garden,available,1.98,43.98,high,low,8,namecheap,,,18/08/2026 07:31
d7ec1ec2-86b9-42c2-b368-1a19f26bcd86,francisco.garden,premium,104,32.5,high,low,9,namecheap,,,25/09/2026 18:30
79324696-244b-48aa-8bfb-db36faf265f4,stalls.garden,available,1.98,43.98,medium,low,6,namecheap,,,10/09/2026 17:59
87bfa70d-f939-45c3-b715-de3e5d331aa9,crashed.garden,available,2.49,26.97,low,low,7,dynadot,,,27/09/2026 11:29
870b09bf-95ac-4964-b48c-f069cc7d2104,bahai.garden,available,1.98,43.98,high,low,5,namecheap,,,08/08/2026 08:27
7f40d96f-90e0-4025-8b8f-b741d20c470e,argali.garden,available,2.19,32.49,medium,low,6,namesilo,,,20/09/2026 04:09
30e4ee32-74bd-4a39-86b2-f638d937b528,bride.garden,premium,1040,32.5,high,low,5,namecheap,,,24/09/2026 10:31
e8ff29ec-fc6b-4fbd-a61d-5da24356cf45,containing.garden,available,2.19,32.49,high,low,10,namesilo,,,29/09/2026 03:15
d7f5a037-c7cc-43cd-8955-6085125b6cf8,sympatric.garden,available,1.98,43.98,medium,low,9,namecheap,,,11/09/2026 06:05
7a70546f-6ae4-4f75-816a-d5e5a65e8fb9,chiliad.garden,available,1.98,43.98,high,low,7,namecheap,,,
c01657e3-49d0-4d14-b875-78e1e991bd7b,governable.garden,available,1.98,43.98,medium,low,10,namecheap,,,12/08/2026 23:44
55a79a91-ea0b-42e1-b2e2-9e6c6799d91c,lords.garden,premium,,,medium,low,5,,,,28/09/2026 16:19
d73509a7-347d-4193-9a5f-1e7a0c78b0a8,harrowing.garden,available,1.98,43.98,high,low,9,namecheap,,,
a008f0d6-fc6a-46eb-ae6d-e1076af32ffe,premium.garden,premium,96,29.5,high,medium,7,namesilo,,,27/09/2026 05:00
eb05a377-36f4-4be3-bb5a-d27af63dfa69,pronghorn.garden,available,1.98,43.98,medium,low,9,namecheap,,,18/09/2026 19:07
275d89b4-fd2c-4e73-b6f4-74206c822834,reticular.garden,available,1.98,43.98,medium,low,9,namecheap,,,09/09/2026 15:34
13052e5b-172f-4a99-96a5-c3880f2b04a8,apologies.garden,available,2.49,26.97,high,low,9,dynadot,,,29/09/2026 03:19
583e059c-1ad0-40fe-a51a-a61fa4b665ae,irina.garden,available,2.19,32.49,high,low,5,namesilo,,,29/09/2026 15:31
4d8f2cd7-cb02-4c88-bc3e-c27eb356ac31,bicolor.garden,available,1.98,43.98,high,low,7,namecheap,,,09/08/2026 19:11
113fc483-e675-4a16-9c77-43a5f43f0982,introducing.garden,available,1.98,43.98,medium,low,11,namecheap,,,17/09/2026 20:59
e5300ffe-016d-4cef-ba10-ec210292bb0c,wiggler.garden,available,2.19,32.49,medium,low,7,namesilo,,,19/09/2026 06:38
1f9dfd19-7d89-49af-bdb0-383405aaac2c,villagers.garden,available,2.19,32.49,medium,low,9,namesilo,,,29/09/2026 05:33
1dc03331-4dc4-4e18-b192-3eab24355db7,heading.garden,available,2.19,32.49,high,low,7,namesilo,,,25/09/2026 07:40
8ce59bf7-860d-4102-83e1-49cdfa6942d3,angry.garden,available,1.98,43.98,high,low,5,namecheap,,,
fa405f4f-7437-4a05-85bd-1b84f88d6784,pets.garden,premium,,,low,low,4,,,,28/09/2026 08:51
64a08a1c-fb6c-478d-adc9-a6219dc8ce35,cutaneal.garden,available,46.99,46.99,medium,low,8,name.com,,,13/08/2026 12:57
57d2bbb2-3bee-4224-89e2-b3a165cc9b9a,comforted.garden,available,2.19,32.49,high,low,9,namesilo,,,23/09/2026 15:14
d84a7ae9-1d2c-4b69-a89c-59aebe300fee,asymmetric.garden,available,1.98,43.98,medium,low,10,namecheap,,,07/08/2026 10:25
ee0388b9-310b-48fd-a74c-d8b59754767d,genuinely.garden,available,1.54,26.26,medium,low,9,porkbun,,,28/09/2026 13:10
9806d0d8-e65f-4046-8044-b520001089ca,limo.garden,premium,854,29.5,high,low,4,namesilo,,,
6b9e04a3-b352-4a5b-8b9d-5b0a872228b6,edwin.garden,available,2.19,32.49,high,low,5,namesilo,,,25/09/2026 05:17
ce68dc09-383a-4cc2-97b0-c5f75399cd9f,bound.garden,premium,96,29.5,high,low,5,namesilo,,,22/09/2026 07:27
9ee2d8a2-89f3-4b2f-b7f2-b464deb6f7cb,agential.garden,available,,,medium,low,8,,,,
defbee5e-47b7-43f6-b950-e03364dd6bd8,mangold.garden,available,2.19,32.49,high,low,7,namesilo,,,23/09/2026 11:02
1f84efc1-aeb9-42b2-9176-5cb2aaa5cb3c,plutonic.garden,available,2.19,32.49,medium,low,8,namesilo,,,19/09/2026 03:29
5294ac46-5035-44dc-a101-07dc4acc805d,rubble.garden,available,1.24,26.08,medium,low,6,spaceship,,,28/09/2026 18:54
9a287b7d-6801-4cf4-9f8c-0916f6f7ee02,formulaic.garden,available,1.98,43.98,high,low,9,namecheap,,,18/08/2026 12:18
a5613311-8396-4c2f-b816-32335eb05e1d,anaerobic.garden,available,1.98,43.98,medium,low,9,namecheap,,,
eef7de1a-1324-4bac-933f-2847823c2d42,leith.garden,available,2.19,32.49,medium,low,5,namesilo,,,28/09/2026 16:45
fe25f92d-d9e7-4b5d-930b-32376ceccc79,homebody.garden,available,1.98,43.98,medium,low,8,namecheap,,,10/09/2026 19:28
c71f01df-c9fc-4b78-8d14-494ddca05f40,geoff.garden,available,2.19,32.49,medium,low,5,namesilo,,,28/09/2026 07:55
a46f3784-53a0-49c6-8aa2-743b02054995,celluloid.garden,available,1.98,43.98,high,low,9,namecheap,,,11/08/2026 23:34
8d5da123-9a34-4bd1-8e8e-e09835a7a9d3,preliminary.garden,available,25.2,25.2,medium,low,11,cloudflare,,,28/09/2026 11:21
5daa0fac-30ae-499f-a361-185b28c188a7,sarawakian.garden,available,1.98,43.98,high,medium,10,namecheap,,,09/09/2026 21:26
25bd327b-ec57-4671-9ea1-9154756b2441,ashy.garden,available,1.98,43.98,high,low,4,namecheap,,,07/08/2026 02:04
3d258c57-e0af-49fb-80a8-add7fc060175,swanky.garden,available,1.98,43.98,high,low,6,namecheap,,,11/09/2026 05:15
d067d856-6aba-4b3a-ac0e-29abcd046d86,impound.garden,available,1.98,43.98,high,low,7,namecheap,,,12/08/2026 21:04
12d7a749-cb1f-460f-b7c0-19ae9782d581,vest.garden,premium,83,26.08,high,low,4,spaceship,,,28/09/2026 10:51
beafe3d9-bae4-4970-a7d8-6d18e26420be,preoccupied.garden,available,2.19,32.49,medium,low,11,namesilo,,,29/09/2026 08:47
3212db6c-d9c7-4115-8c5d-20ed26f8b9eb,descended.garden,available,1.24,26.08,medium,low,9,spaceship,,,29/09/2026 10:16
4dc9f7bf-8788-4253-8768-6c9515266506,bred.garden,available,2.19,32.49,high,low,4,namesilo,,,29/09/2026 14:17
3f5cfd65-1ce3-4f28-9660-c1f8b37590e9,catechetic.garden,available,1.98,43.98,medium,low,10,namecheap,,,11/08/2026 21:25
d35a5071-928b-4b60-8cd3-fde030621e2c,arabs.garden,available,1.24,26.08,medium,low,5,spaceship,,,29/09/2026 11:16
81c4d1fb-2e4a-4fbc-b5ac-a97105401bde,angled.garden,available,1.98,43.98,high,low,6,namecheap,,,
e08e2337-a8b1-4753-be1e-378b0403106c,waited.garden,available,2.19,32.49,medium,low,6,namesilo,,,18/09/2026 01:45
89b663c4-b0a1-4bc7-83de-3f74d5704a86,vie.garden,premium,47.2,29.5,high,low,3,namesilo,,,
810ccada-4875-4293-8433-6d65366c2729,own.garden,premium,512,29.5,high,high,3,namesilo,,,26/09/2026 03:33
e5713e11-78bf-48d9-bbed-fdb73a82ac5e,doctorial.garden,available,1.98,43.98,medium,low,9,namecheap,,,14/08/2026 14:21
ac915a25-6c7f-4cda-a8c5-0d2dc1d4cff6,agelong.garden,available,1.98,43.98,medium,low,7,namecheap,,,
f233e0b4-0f94-450a-8a51-40d1341b7f2a,playing.garden,premium,440,26.97,high,low,7,dynadot,,,28/09/2026 16:27
063ec446-d6e7-44d3-860c-42a95920b0eb,arose.garden,available,2.19,32.49,medium,low,5,namesilo,,,29/09/2026 22:55
2d404a49-d467-4b9d-aec6-ea6fa7aea5c2,bureaucrat.garden,available,2.19,32.49,high,low,10,namesilo,,,17/09/2026 08:44
c45a2184-5e7a-4c8b-83b0-f4383b4ec50a,foursquare.garden,premium,96,29.5,high,low,10,namesilo,,,18/08/2026 13:48
76cee0c9-b1f0-43f2-a967-3ff1220e0020,ducktape.garden,available,2.19,32.49,high,low,9,namesilo,,,27/09/2026 08:55
f773e3ad-48bb-4433-939f-50afb27a4a03,callahan.garden,available,1.54,26.26,medium,low,8,porkbun,,,28/09/2026 08:05
265735da-936b-4105-b69e-fba93bfbb80e,oodles.garden,available,1.98,43.98,high,low,6,namecheap,,,14/09/2026 23:32
dbbe8b8c-42ba-4bef-9011-558c3b356e8e,screwing.garden,available,1.98,43.98,medium,low,8,namecheap,,,18/08/2026 17:28
744dac26-c109-4cca-9e02-3e9d23904d99,fabled.garden,available,1.98,43.98,high,low,6,namecheap,,,17/08/2026 20:12
60b76820-0141-4fae-8a00-49b5d66039d1,frilled.garden,available,1.98,43.98,medium,low,7,namecheap,,,18/08/2026 15:49
8751e264-f610-4cc2-96b9-f14f55f41a56,mindfully.garden,available,1.98,43.98,high,low,9,namecheap,,,13/09/2026 17:29
10f911ce-ff70-43fa-b6e2-82c06be326a8,bryce.garden,premium,,,high,low,5,,,,27/09/2026 19:56
b79e76e0-4770-4606-9c33-b3bd9ac19947,ytterbium.garden,available,2.19,32.49,medium,low,9,namesilo,,,20/09/2026 23:38
ca23bd27-4637-44e0-897b-8ff313891fdc,fuzzy.garden,available,2.19,32.49,high,low,5,namesilo,,,22/09/2026 23:28
2141342c-d80d-4705-bbdc-11eed397ba49,anal.garden,available,1.98,43.98,high,low,4,namecheap,,,
493594ab-ea5c-4d8d-99c0-d90a68433d20,debut.garden,available,1.98,43.98,high,low,5,namecheap,,,24/09/2026 21:09
436df80c-63df-48c7-b282-8218c7e45682,affirm.garden,available,,,high,high,6,,,,
7ce28aeb-2b93-474a-aa9a-72d7db2e40ce,klamath.garden,available,2.19,32.49,high,low,7,namesilo,,,28/09/2026 06:07
b4b2b36a-d801-496e-9420-53fdca3ce329,annette.garden,available,2.49,26.97,medium,low,7,dynadot,,,28/09/2026 04:47
d2af7782-30a4-40da-a899-934a88333e37,randomly.garden,available,1.98,43.98,high,low,8,namecheap,,,13/09/2026 20:35
d70e2b60-b052-41ce-b97a-ac253f4da517,exothermal.garden,available,1.98,43.98,medium,low,10,namecheap,,,17/08/2026 17:47
6ab489ae-70a8-4b62-84c1-d8e42d02f811,sabin.garden,available,1.98,43.98,high,low,5,namecheap,,,18/09/2026 02:37
6c072389-2b06-4322-a0b0-c7794931034f,egoistic.garden,available,1.98,43.98,medium,low,8,namecheap,,,15/08/2026 18:54
a682be80-926f-4cdb-9d09-27587f1206f4,gaffer.garden,available,,,medium,low,6,,,,
d592ae59-4fd4-4489-a319-7d2a35374928,perfection.garden,available,2.19,32.49,high,low,10,namesilo,,,22/09/2026 22:03
82994d0c-e09a-485b-ab6d-ae46c9f22815,temerity.garden,available,2.19,32.49,medium,low,8,namesilo,,,21/09/2026 02:48
50491d7f-65a8-4af1-b7be-6a57d0fc3d43,justification.garden,available,1.99,,medium,low,13,name.com,,,
99668c33-e7b1-4f77-8b4d-200107d894c0,akha.garden,available,2.19,32.49,medium,low,4,namesilo,,,17/09/2026 23:55
a6e8bf15-894f-4e07-aa85-debf441595cb,grassless.garden,available,1.98,43.98,high,low,9,namecheap,,,20/08/2026 18:13
4790c355-c90c-4ab8-977e-b307a974677a,convincing.garden,available,2.19,32.49,high,low,10,namesilo,,,23/09/2026 22:56
de887c54-6492-48a0-82d3-7ddc96fe47ce,caleb.garden,premium,52,32.5,high,low,5,namecheap,,,27/09/2026 11:16
bf98b62c-5396-4083-bb99-801d0cae2c20,vip.garden,premium,2660,29.5,high,medium,3,namesilo,,,24/09/2026 22:17
9833c1e5-60aa-4e7e-94b0-b8b2c209750f,ass.garden,premium,500,46.99,high,low,3,name.com,,,09/08/2026 12:05
d30a321f-4b06-40ac-8f85-1a82a2592002,exportable.garden,available,1.98,43.98,high,low,10,namecheap,,,17/08/2026 18:35
8054a92d-5524-431a-b977-095d2d792dcd,amd.garden,available,2.19,32.49,high,low,3,namesilo,,,17/09/2026 16:44
f9a60267-abab-4b7c-a142-26079c115143,drink.garden,premium,828.2,26.08,high,low,5,spaceship,,,28/09/2026 06:05
adbed026-1a34-4c8b-bbc9-a2e2af859dcc,cos.garden,premium,520,32.5,high,medium,3,namecheap,,,24/09/2026 18:26
9708ca63-3cf6-4628-aed8-c4188b28e0d4,negligible.garden,available,1.98,43.98,medium,low,10,namecheap,,,03/09/2026 15:08
6f45b9c5-d039-46bb-88a6-dd2bf82914f8,procedures.garden,available,1.98,43.98,medium,low,10,namecheap,,,18/09/2026 17:33
f527312e-ce75-425f-b6b2-bf9d307fce1a,sot.garden,premium,50,46.99,high,low,3,name.com,,,14/08/2026 20:22
c8e47afd-28b1-4aae-8e86-7ca3e6740dc7,phyllis.garden,available,2.19,32.49,medium,low,7,namesilo,,,28/09/2026 07:46
f25d4def-bd89-43da-bc41-307991a67053,shaver.garden,available,1.98,43.98,medium,low,6,namecheap,,,25/08/2026 00:03
6ee1054d-0e07-4de8-851f-74a307dde424,lunched.garden,available,1.99,46.99,medium,low,7,name.com,,,21/09/2026 04:17
9509ee8a-68a2-42e9-ad0c-00eb727d823c,ultra.garden,premium,854,29.5,high,medium,5,namesilo,,,17/08/2026 19:33
bcc59ae4-fc12-439d-8c40-e6e98663b746,thrust.garden,available,2.19,32.49,high,low,6,namesilo,,,25/09/2026 00:11
f678dca6-caad-4cc0-94b4-c5ee584414e1,dispersed.garden,available,1.98,43.98,medium,low,9,namecheap,,,14/08/2026 11:56
ab07bd13-6540-4194-951b-408502d2a631,leonine.garden,available,1.98,43.98,medium,low,7,namecheap,,,22/08/2026 23:57
199e8b39-fff0-4f11-8af5-b03d3bf6cb22,araroba.garden,available,1.98,43.98,high,low,7,namecheap,,,20/09/2026 00:14
1169ea90-ac55-4831-af98-a999a6347ba2,sia.garden,premium,52,32.5,high,low,3,namecheap,,,29/09/2026 09:25
b172e265-7070-4e04-b08a-d0bd530bef5f,prim.garden,available,46.99,46.99,high,low,4,name.com,,,13/08/2026 15:46
f479dfe3-c346-4b6f-8fc8-82f2325445c8,german.garden,premium,2500,46.99,high,low,6,name.com,,,18/08/2026 22:44
15c766e2-7322-45bf-a589-d163a935dc13,yawning.garden,available,1.98,43.98,high,low,7,namecheap,,,13/09/2026 14:18
2fcd042e-2387-4c49-9cd2-5c429b74a3fa,nuns.garden,available,1.24,26.08,medium,low,4,spaceship,,,28/09/2026 12:28
1251fc6c-69e8-49fa-a474-b82603027188,sorted.garden,available,1.98,43.98,high,low,6,namecheap,,,20/08/2026 20:24
33beaf9e-5928-4a7c-b0c2-e93fd005b4b5,amnios.garden,available,2.19,32.49,medium,low,6,namesilo,,,18/09/2026 22:26
3dfe7e02-cdcf-4321-acd5-6d765a967bda,discovers.garden,available,1.54,26.26,low,low,9,porkbun,,,29/09/2026 11:07
f435c808-0cb9-4779-b1cf-254115ff263c,italic.garden,available,1.98,43.98,high,low,6,namecheap,,,22/08/2026 11:37
0a30411e-d3d7-40d7-bab7-b5ca9d94c85b,knew.garden,available,1.99,,medium,low,4,name.com,,,
ab4b76fb-d3f1-42c6-8daa-98907cd6da3b,handler.garden,available,2.19,32.49,high,low,7,namesilo,,,19/09/2026 08:51
1be7892b-0909-4dc5-98f3-77d37f5ed820,apish.garden,available,1.98,43.98,medium,low,5,namecheap,,,06/08/2026 00:12
fc889d83-6554-4cbe-b3d7-bb51a792166b,richardson.garden,available,2.19,32.49,high,low,10,namesilo,,,28/09/2026 14:25
42dd62a5-729d-4869-b9d1-0def6c39cc7a,bellowing.garden,available,2.19,32.49,medium,low,9,namesilo,,,23/09/2026 06:18
4730dba3-fec3-4b9e-bd16-668ccd76e8f3,norton.garden,available,2.19,32.49,high,high,6,namesilo,,,25/09/2026 12:24
9b92fdaf-7f6a-4b7e-a851-cd27361951ad,antitrust.garden,available,1.98,43.98,high,low,9,namecheap,,,
8badc1d4-950f-4c73-a359-fc21affbcec8,behaviours.garden,available,1.98,43.98,medium,low,10,namecheap,,,20/09/2026 22:06
5106250a-5739-4762-98ef-7834dcbe3e07,safeguard.garden,available,2.49,26.97,high,low,9,dynadot,,,29/09/2026 20:02
05f5db0c-91b9-4337-b5e5-bfbe808671d4,auroral.garden,available,2.19,32.49,high,low,7,namesilo,,,22/09/2026 13:08
0a5b4d0a-0e75-4a6f-9a25-fcea340b4f85,granddad.garden,available,1.54,26.26,high,low,8,porkbun,,,29/09/2026 21:09
1b5523d8-7fb9-4552-a79b-d17ab019cc79,auspices.garden,available,2.19,32.49,high,low,8,namesilo,,,17/09/2026 12:16
c03bffb8-7bb8-4f2c-aec4-b88dff6484ff,aflare.garden,available,1.98,43.98,medium,low,6,namecheap,,,
9205d76d-05d9-417a-8304-a0819154d3aa,unwelcome.garden,available,1.98,43.98,medium,low,9,namecheap,,,12/09/2026 22:38
13ffcdb0-3071-4b21-91f3-4d4ec8199352,tian.garden,available,1.24,26.08,medium,low,4,spaceship,,,28/09/2026 16:02
fd2ace3b-0cd2-4ddd-9bb9-afce9b89f87b,corsair.garden,available,2.19,32.49,high,low,7,namesilo,,,22/09/2026 04:33
14c92945-b915-4032-a726-1d219a8c6479,aquaplane.garden,available,2.19,32.49,high,low,9,namesilo,,,19/09/2026 22:59
053796f4-9a8c-4305-a739-6cb4b93e2396,sticks.garden,available,2.19,32.49,high,low,6,namesilo,,,17/09/2026 01:53
c19b9894-3307-4d8b-ac36-1be3f010d42e,argal.garden,available,2.19,32.49,medium,low,5,namesilo,,,20/09/2026 04:10
87b7d0b5-8e4c-4974-964a-eb8b0c8a94e5,forgetting.garden,available,1.99,,high,low,10,name.com,,,
9bef93b5-86a1-41da-866d-e955639f8552,floral.garden,premium,2500,46.99,high,low,6,name.com,,,18/08/2026 08:54
ffb5e87c-afb3-4d56-8762-f03c2819507e,verbatim.garden,available,1.98,43.98,high,low,8,namecheap,,,13/09/2026 02:21
b0ed3f2c-0cf1-4d81-9be8-9bd2c07a2615,enormously.garden,available,1.98,43.98,high,low,10,namecheap,,,14/09/2026 15:47
ae6798c8-2e0e-4c6c-bcad-c1a8ec9d456a,hussain.garden,available,2.19,32.49,medium,low,7,namesilo,,,29/09/2026 09:29
9260a893-3ba0-404a-8df9-b6c2db24fa73,bleary.garden,available,1.98,43.98,medium,low,6,namecheap,,,10/08/2026 13:59
47a20457-4a6f-4663-bfb6-3225f491d7a4,certificates.garden,available,1.24,26.08,medium,low,12,spaceship,,,30/09/2026 00:39
d0f08040-4956-49c8-97d9-5f2553af0b60,villages.garden,available,25.2,25.2,medium,low,8,cloudflare,,,29/09/2026 05:32
fe2b0c90-f7e1-49bf-9860-d65d561495af,eastern.garden,available,1.98,43.98,high,low,7,namecheap,,,24/09/2026 13:10
fd9305e3-101a-44d7-aed9-fd8a60ac2e15,excellency.garden,available,25.2,25.2,high,low,10,cloudflare,,,29/09/2026 00:51
2b2f7f28-6793-49cd-8db0-f2fb50af4deb,addiction.garden,available,2.19,32.49,high,low,9,namesilo,,,17/09/2026 06:53
0d83d511-f910-44ee-ad0c-f3884285ac4f,belts.garden,premium,,,medium,low,5,,,,28/09/2026 09:04
de229c1f-d863-45ce-bf91-b71496ab45f2,blenheim.garden,available,2.19,32.49,medium,low,8,namesilo,,,24/09/2026 05:52
adf4052a-787c-4bbc-b860-0369bef323df,heedful.garden,available,1.98,43.98,medium,low,7,namecheap,,,
5c6f0921-c3b9-4814-a193-3047fd0450eb,saul.garden,available,1.98,43.98,high,low,4,namecheap,,,19/09/2026 19:29
908bbc01-663e-4fd7-b62a-1201ae2f221f,multitude.garden,available,1.98,43.98,high,low,9,namecheap,,,29/09/2026 10:33
5e00303f-a80b-4f45-8ac8-ddd6a2134d6e,employable.garden,available,1.98,43.98,high,low,10,namecheap,,,16/08/2026 18:22
401eee40-9d40-49e4-94e8-282b0647c846,belonging.garden,available,2.19,32.49,high,low,9,namesilo,,,23/09/2026 06:53
d8f47215-fe73-452a-8d0e-af3ca3dc0625,counterterrorism.garden,available,43.98,,medium,low,17,namecheap,,,
968789fe-b10d-46b6-b084-913b120f6f49,positioning.garden,available,1.98,43.98,high,low,11,namecheap,,,29/09/2026 14:53
13685990-b1f9-4db3-9eed-f868ec9524fb,nutbrown.garden,available,1.98,43.98,medium,low,8,namecheap,,,03/09/2026 23:14
562746ba-9ccf-4c8a-ac65-375bed93efd3,capsular.garden,available,1.98,43.98,medium,low,8,namecheap,,,08/09/2026 04:10
70890eee-3636-4ae1-8a82-44f73456f048,cosy.garden,premium,854,29.5,high,low,4,namesilo,,,13/08/2026 03:20
25a7a589-32ad-44cc-baf0-e30d0cba0b2f,papal.garden,available,1.98,43.98,medium,low,5,namecheap,,,06/08/2026 04:09
6e5319d9-fa44-4385-85e8-0d031366c384,mysteries.garden,available,2.19,32.49,high,low,9,namesilo,,,28/09/2026 17:32
8adc1952-2356-4a04-86e1-bcdde1f6dea7,restful.garden,available,1.98,43.98,high,low,7,namecheap,,,09/09/2026 13:26
68aba7b2-dc63-4b0e-873d-3d6eeaa93071,quadratic.garden,available,1.98,43.98,high,low,9,namecheap,,,09/09/2026 07:19
d75aea67-c269-4629-b365-09d557daabe5,yellow.garden,premium,512,29.5,high,medium,6,namesilo,,,23/09/2026 14:15
6d7c5d85-4a30-4b75-a3da-83d272b22a16,cretaceous.garden,available,1.98,43.98,medium,low,10,namecheap,,,13/08/2026 06:22
63775694-e978-443a-bfe0-1ed9086f5400,jacques.garden,available,2.19,32.49,high,low,7,namesilo,,,25/09/2026 13:47
44b65a67-c298-41fe-b9ed-0c798e2f998d,rugose.garden,available,1.98,43.98,high,medium,6,namecheap,,,09/09/2026 19:20
9c1ec227-eba0-454b-a8ff-12d5d76a0b38,pretorial.garden,available,1.98,43.98,high,medium,9,namecheap,,,09/09/2026 01:02
5f8dd726-9def-44f7-9431-66b5776b958c,demands.garden,available,2.19,32.49,low,low,7,namesilo,,,27/09/2026 10:52
5f287570-863a-4a9f-a9f7-f70612919c07,oil.garden,premium,520,32.5,high,low,3,namecheap,,,24/09/2026 02:16
e1a395e6-9d47-4784-a665-6a78e04dc08c,cork.garden,available,2.19,32.49,high,low,4,namesilo,,,29/09/2026 00:12
c94ed8f5-59c1-4b2b-b43f-3d393774d7dd,produced.garden,available,2.19,32.49,medium,low,8,namesilo,,,19/09/2026 16:32
0ae84fe3-02bd-421d-b333-5a2d6a817939,birches.garden,available,2.19,32.49,medium,low,7,namesilo,,,20/09/2026 07:32
4df36687-4a0c-4579-b75c-568943ba2f57,vindicated.garden,available,1.98,43.98,high,low,10,namecheap,,,08/09/2026 05:23
226a583b-6abf-4f15-a242-eef289724e66,ithaca.garden,available,1.24,26.08,high,low,6,spaceship,,,27/09/2026 14:23
970bfec4-17ae-4ab3-bf46-fb4ec68cbb66,golan.garden,available,1.54,26.26,high,low,5,porkbun,,,30/09/2026 01:46
34946bb9-d52f-404d-b372-0f5e1ad3c638,demanding.garden,available,1.98,43.98,medium,low,9,namecheap,,,14/08/2026 01:06
79b113ab-3737-4170-9d05-a63e8c34429e,bunco.garden,available,1.98,43.98,medium,low,5,namecheap,,,14/09/2026 07:59
0ad12910-30ea-4d47-bdeb-a2ccc2d43a58,revolver.garden,available,1.24,26.08,high,low,8,spaceship,,,28/09/2026 20:20
f52cdf8c-b547-4485-b6f3-852d1e635fcb,aspis.garden,available,2.19,32.49,medium,low,5,namesilo,,,20/09/2026 15:24
4ca09afa-3be0-4fae-99bb-dd5dab373417,imuran.garden,available,1.98,43.98,medium,low,6,namecheap,,,21/09/2026 11:01
3811512f-b8d7-4d99-8347-d842192f0223,amaurosis.garden,available,2.19,32.49,medium,low,9,namesilo,,,18/09/2026 16:17
0cf4e2ff-e656-4854-9696-cbff2ab00a47,blacksnake.garden,available,2.19,32.49,medium,low,10,namesilo,,,24/09/2026 01:28
94b0964b-0b7c-410a-af8f-e1e663311fa0,main.garden,premium,260,32.5,high,low,4,namecheap,,,23/09/2026 09:34
286d4b37-c353-47c0-bb68-75644ad8bbc4,humped.garden,available,1.98,43.98,medium,low,6,namecheap,,,13/08/2026 07:40
dc2bf94c-c51f-4546-bef6-1f802d45794b,tools.garden,premium,1040,32.5,high,medium,5,namecheap,,,17/09/2026 15:46
b5f592a0-066b-43bc-a5f5-ce0d700ec983,flowing.garden,available,1.98,43.98,high,low,7,namecheap,,,18/08/2026 09:11
f9ad6531-010c-420b-afa5-ca8cbd213aa9,grating.garden,available,1.98,43.98,high,low,7,namecheap,,,20/08/2026 18:26
bbebd889-7f0b-472d-8ecb-102e4f838415,unrealized.garden,available,1.98,43.98,medium,low,10,namecheap,,,12/09/2026 11:00
8ff39ea7-0d4f-49ba-a440-91a9beccd362,unfeigned.garden,available,1.98,43.98,medium,low,9,namecheap,,,12/09/2026 10:06
38cb1089-3ca1-4f26-819e-476dc01d8df1,fusty.garden,available,1.98,43.98,low,low,5,namecheap,,,18/08/2026 16:42
64b16d00-4893-4d43-be84-944e17453af1,empathy.garden,available,1.99,49.99,high,low,7,godaddy,,,30/09/2026 01:30
c73699c4-28a9-4955-b34d-a13c85f732b7,parking.garden,premium,512,29.5,high,low,7,namesilo,,,25/09/2026 23:56
47da9b4c-8517-42c3-81f5-c8558d3bf3ed,imitator.garden,available,2.19,32.49,medium,low,8,namesilo,,,19/09/2026 16:27
71105f71-188c-41ad-ae74-9ae7d63b8ade,sprayer.garden,available,1.98,43.98,high,low,7,namecheap,,,21/09/2026 00:21
a580aaca-bf8e-440c-a8e7-69964388d535,resulted.garden,available,2.19,32.49,medium,low,8,namesilo,,,19/09/2026 00:26
646622df-a995-4751-91d2-b5d84379e0df,mechanic.garden,available,2.19,32.49,high,low,8,namesilo,,,25/09/2026 18:40
44157a75-ef52-4890-b78f-57e47ba04d99,alas.garden,available,1.98,43.98,high,low,4,namecheap,,,13/09/2026 18:37
e8da3d8a-9c2b-4aa4-b7bc-fe8cc5f0d0b5,virago.garden,available,2.19,32.49,medium,low,6,namesilo,,,18/09/2026 16:19
a12c7657-7f1b-407d-89c8-55d6bf45f5d0,banner.garden,premium,500,46.99,high,low,6,name.com,,,08/08/2026 13:53
a5c558c0-ddb5-4a81-a50b-5900961095b5,intercept.garden,available,1.24,26.08,high,low,9,spaceship,,,28/09/2026 06:03
7f661775-07cc-4bd5-9ae1-52ea52b8fcf4,likely.garden,available,2.19,32.49,high,low,6,namesilo,,,25/09/2026 13:46
16854dbc-2f24-4bd8-9020-9c27b4cd9acc,bea.garden,premium,44.19,27.82,high,low,3,porkbun,,,28/09/2026 07:37
37023906-a664-4bec-98a7-98a4909b93fd,diamond.garden,premium,5520,29.5,high,low,7,namesilo,,,21/09/2026 16:47
9780b1ca-eabd-4981-a74f-5ad413bff86d,wings.garden,available,2.19,32.49,high,low,5,namesilo,,,25/09/2026 11:03
cf34316d-e218-4c52-bec8-e38ae8ef01af,molal.garden,available,1.98,43.98,medium,low,5,namecheap,,,25/08/2026 03:31
ce5e1057-8a3a-4736-a6d2-115245bc891f,baboon.garden,available,2.19,32.49,high,low,6,namesilo,,,21/09/2026 12:58
f7bca31f-ea18-45d3-a8bc-75ae4f1d3e71,inside.garden,premium,242,29.5,high,low,6,namesilo,,,25/09/2026 09:46
f116501a-8ea6-4e5f-aa1d-3966da5bcec0,spin.garden,available,1.99,,high,low,4,name.com,,,
ea1f58ca-1823-43b4-bf5c-b36058b6e7ad,cricket.garden,premium,88,26.97,high,low,7,dynadot,,,29/09/2026 12:00
ae36898c-9a47-41cd-b6ef-a95b78f1481e,hydrated.garden,available,1.98,43.98,high,low,8,namecheap,,,21/08/2026 16:16
0ad128ac-7d38-41fb-8e79-a00360dab3d5,madagascan.garden,available,1.98,43.98,medium,low,10,namecheap,,,24/08/2026 12:55
14654d51-fc42-4f47-bd04-9f6adaa6826b,dewy.garden,available,1.98,43.98,high,low,4,namecheap,,,09/08/2026 06:51
3342e9da-768a-4a5d-ad71-fc2c1d9b3e28,bobcat.garden,available,2.19,32.49,high,medium,6,namesilo,,,22/09/2026 17:27
7d14c5e9-b4d3-481a-ac47-b3f266c24b5b,salerno.garden,available,1.98,43.98,medium,low,7,namecheap,,,29/09/2026 08:00
8977281c-b9bc-462a-8c7f-89d4d59b63cf,driving.garden,available,2.19,32.49,high,low,7,namesilo,,,24/09/2026 12:10
63d47484-e18b-4353-99e0-4eeaf618b118,dreary.garden,available,1.98,43.98,medium,low,6,namecheap,,,14/08/2026 11:47
8ac45162-66b0-4265-8d94-800b626a20eb,hume.garden,available,2.19,32.49,high,low,4,namesilo,,,25/09/2026 04:46
6928df2c-b0c2-4fb8-946c-59fe0c351968,inconvenience.garden,available,2.19,32.49,medium,low,13,namesilo,,,29/09/2026 02:52
a581bfa1-822c-4839-a92e-18bac35a2ae7,sled.garden,available,1.24,26.08,high,low,4,spaceship,,,29/09/2026 20:23
3bf1e059-8789-4eef-8f6f-f7acebbf7f0e,narrowed.garden,available,1.98,43.98,medium,low,8,namecheap,,,03/09/2026 13:27
43242f97-fc1f-46b3-9a54-a3b8532d3270,procurable.garden,available,1.98,43.98,medium,low,10,namecheap,,,18/08/2026 23:08
61d56ab3-d4ea-460c-987a-a31caa4ea9f9,forthright.garden,available,1.98,43.98,high,low,10,namecheap,,,11/08/2026 16:42
3f55ea6a-86a7-4c1b-9171-d9667a209a50,antagonism.garden,available,2.19,32.49,medium,low,10,namesilo,,,19/09/2026 12:27
b4bc81bf-787e-4ee9-b1b8-e216382f2d64,grass.garden,resell,,,high,low,5,"Spaceship, Inc.",08/05/2026 20:44,08/05/2027 20:44,29/09/2026 16:34
b725cb4b-aad7-4c6f-ab32-797d7947792c,sheltered.garden,available,1.98,43.98,high,medium,9,namecheap,,,10/09/2026 06:27
2022643a-1522-4540-bf58-6f251be25c70,rear.garden,available,1.98,43.98,high,low,4,namecheap,,,22/09/2026 19:06
de099731-c8cd-4d62-9089-38e94f5805c8,fails.garden,available,1.98,43.98,medium,low,5,namecheap,,,18/09/2026 00:27
a36d0ab5-3594-4742-853b-824caa7050c8,mick.garden,available,1.24,26.08,high,low,4,spaceship,,,28/09/2026 02:25
5a997526-e0d0-49b4-8201-c24ed37a4334,meshing.garden,available,1.98,43.98,high,low,7,namecheap,,,22/08/2026 08:10
e9d18118-83e0-436b-8d9a-fd0d72e19f78,abkhazia.garden,available,1.98,43.98,medium,low,8,namecheap,,,16/09/2026 16:03
ff9eda9e-6fcf-41a9-8135-4dbcde75f5e0,tides.garden,available,1.24,26.08,medium,low,5,spaceship,,,29/09/2026 23:02
6e957190-b4b5-4414-80a3-7e455a12d565,victim.garden,available,2.19,32.49,high,low,6,namesilo,,,29/09/2026 17:12
c1b04e9a-9696-47f1-8bc9-0b07893319bb,biased.garden,available,1.98,43.98,medium,low,6,namecheap,,,09/08/2026 18:36
4f3414ae-84f6-4399-bdf6-1ec7c305da11,stronghold.garden,available,2.19,32.49,high,low,10,namesilo,,,29/09/2026 14:00
824d7151-f7ae-4e80-83ac-3dd5e2e740a1,barrels.garden,available,2.19,32.49,high,low,7,namesilo,,,22/09/2026 08:23
188348d4-6816-4d67-8a4e-ba0b1a3c0524,advertisement.garden,available,1.99,,high,low,13,name.com,,,
97f3bdf5-c14d-4b2b-8c52-01e01f538a33,ferrari.garden,available,2.19,32.49,high,high,7,namesilo,,,28/09/2026 03:37
f0a31cd5-cca5-4e7c-9d41-63082abe8bed,abc.garden,premium,520,32.5,high,medium,3,namecheap,,,28/09/2026 17:01
2cb783d2-4cae-4270-830a-0a37e6c51a91,released.garden,available,1.99,,medium,low,8,name.com,,,
5363513f-e2b2-4071-a17d-7e436ccd0289,sunshade.garden,available,2.19,32.49,high,low,8,namesilo,,,21/09/2026 10:14
b157fe30-a4ad-422a-a209-933ac94d2eb8,luzon.garden,available,1.24,26.08,high,low,5,spaceship,,,27/09/2026 14:53
f738971d-6fda-4edb-b753-10f4a5dcb6b3,bassinet.garden,available,2.19,32.49,medium,low,8,namesilo,,,22/09/2026 12:23
b1a7ea03-091f-41b4-865f-9b1930130844,packages.garden,available,2.19,32.49,medium,low,8,namesilo,,,19/09/2026 00:23
2a6e5ae6-27be-4c1e-9545-94104674189c,smiths.garden,available,1.98,43.98,medium,low,6,namecheap,,,19/09/2026 22:24
aecb81c1-5352-4123-bfa0-d6d27ceb107d,accra.garden,available,2.19,32.49,high,low,5,namesilo,,,16/09/2026 23:13
a1bc7e9f-f9e5-43bd-bd2c-ea3afd028a9a,loan.garden,premium,104,32.5,high,low,4,namecheap,,,25/09/2026 09:02
6226d5e0-164d-48c4-9045-9d83563e1e87,clarke.garden,available,1.24,26.08,high,medium,6,spaceship,,,29/09/2026 17:07
5cbabc64-0239-4b32-b606-a4d8846f5b6d,brighton.garden,available,2.19,32.49,high,low,8,namesilo,,,24/09/2026 10:19
7679384b-eb31-4237-b81e-1cd91c6251a0,wording.garden,available,1.98,43.98,high,low,7,namecheap,,,29/09/2026 08:51
bcd0e322-7acb-4f22-89c3-78c4b38b3188,saponified.garden,available,1.98,43.98,high,medium,10,namecheap,,,09/09/2026 21:21
07b9de93-f4b3-4111-aec2-634b2e3c2d08,antenatal.garden,available,2.19,32.49,high,low,9,namesilo,,,22/09/2026 05:59
997a7ba1-8351-44ab-a40f-ad6b20154289,feels.garden,available,1.99,,high,low,5,name.com,,,
4acc6eed-4c1f-46d1-a083-99b0813b1461,portland.garden,premium,242,29.5,high,low,8,namesilo,,,
7b35018b-512d-4201-b097-045b2f9164af,plymouth.garden,premium,96,29.5,high,low,8,namesilo,,,29/09/2026 13:43
b1eede42-f0a6-431e-96b5-9203f33fb92a,milky.garden,available,1.98,43.98,high,low,5,namecheap,,,24/08/2026 23:02
3a15ab56-f292-4ddd-a157-d7aa08c5f6cc,austrian.garden,available,2.19,32.49,high,low,8,namesilo,,,22/09/2026 13:38
b0774a05-1a8f-4fa2-a75d-2570006892d9,listen.garden,premium,96,29.5,high,low,6,namesilo,,,29/09/2026 22:36
9c4bdbb6-965d-43c3-b89b-dd357067205c,joachim.garden,available,2.19,32.49,high,low,7,namesilo,,,27/09/2026 04:35
3b86ca24-630c-447b-a8be-71664799779b,mazy.garden,available,1.98,43.98,medium,low,4,namecheap,,,22/08/2026 17:42
f4c8cbdc-52a9-4987-bfbf-8837abea1a64,animism.garden,available,1.98,43.98,medium,low,7,namecheap,,,19/09/2026 09:19
6f459348-9fac-42fc-aeb3-d368d1487ea9,rsa.garden,available,1.24,26.08,high,low,3,spaceship,,,29/09/2026 03:45
7b449582-436e-46ac-a064-1fe1364086af,warranty.garden,available,25.2,25.2,high,low,8,cloudflare,,,29/09/2026 21:39
d84b8f7b-fab6-40bd-91ed-11be52c408a1,eye.garden,premium,47.2,29.5,high,low,3,namesilo,,,23/09/2026 13:32
4558b461-9c67-4aef-a40d-bc971a66de05,meridional.garden,available,1.98,43.98,medium,low,10,namecheap,,,24/08/2026 20:52
b36e4b81-f533-4cf5-8542-2b9c2a8b439a,aboriginal.garden,available,1.98,43.98,high,low,10,namecheap,,,
c9aded2f-666e-433d-a01c-772b0fbc4f0f,flag.garden,available,2.19,32.49,high,low,4,namesilo,,,25/09/2026 00:12
8f6e5daf-0604-4096-b8e6-a500487aa748,towne.garden,available,2.19,32.49,medium,low,5,namesilo,,,29/09/2026 09:05
86ea9b3e-5057-45bd-bd0f-5315335a07d0,logs.garden,available,1.24,26.08,medium,low,4,spaceship,,,28/09/2026 17:47
ef28edf3-2c16-4451-97d5-b828fa19f85a,uncommitted.garden,available,1.99,,medium,low,11,name.com,,,
390f7582-1d5d-4b2d-b361-5beab8c87d86,ribs.garden,available,2.19,32.49,medium,low,4,namesilo,,,28/09/2026 00:08
fe69925b-283a-4139-b784-af8c82c0e585,evolved.garden,available,25.2,25.2,high,low,7,cloudflare,,,28/09/2026 21:24
2c69a80e-f372-419f-8529-b393c4fd393c,unfilmed.garden,available,1.98,43.98,medium,low,8,namecheap,,,12/09/2026 10:14
bac6af79-964e-49ce-aa46-ed71d0537919,ateles.garden,available,1.98,43.98,medium,low,6,namecheap,,,20/09/2026 20:01
1f9c9afe-cf73-432c-bdf8-bd82a3209dcf,fargo.garden,available,2.19,32.49,high,low,5,namesilo,,,25/09/2026 22:42
801d959c-39c1-4a66-936a-247101f0567b,reanimated.garden,available,1.98,43.98,medium,low,10,namecheap,,,09/09/2026 10:58
8910fc5d-9661-4657-ac31-5900fb18da14,resisting.garden,available,25.2,25.2,medium,low,9,cloudflare,,,28/09/2026 21:16
8de4af71-728e-472b-97b9-7453bf552495,squawk.garden,available,2.19,32.49,high,low,6,namesilo,,,23/09/2026 00:25
cbf199a3-0da0-4d02-b4f5-1a44e9e45e52,replying.garden,available,1.98,43.98,medium,low,8,namecheap,,,18/09/2026 12:55
25444308-15e0-4e41-8dd8-afd5571cbe09,gloria.garden,premium,47.2,29.5,high,low,6,namesilo,,,27/09/2026 02:39
97153c16-6469-41e5-9fbf-6c7c8f5fae1c,castled.garden,available,1.98,43.98,medium,low,7,namecheap,,,11/08/2026 20:28
41127f8d-1442-42f3-8938-535b43c44a95,sedgy.garden,available,1.98,43.98,medium,low,5,namecheap,,,10/09/2026 01:38
33883b38-e57d-48cc-8456-582163063a2b,frosty.garden,available,1.98,43.98,high,low,6,namecheap,,,18/08/2026 16:26
5c97a88b-24ad-4721-bf87-070275ad7515,capacious.garden,available,1.98,43.98,medium,low,9,namecheap,,,11/08/2026 17:47
25eba3eb-6e4a-4d23-a180-c11b8663ad8b,lucifugous.garden,available,1.98,43.98,low,low,10,namecheap,,,24/08/2026 10:55
2659c478-70bd-425d-a069-fbdd807693e6,related.garden,available,2.19,32.49,high,low,7,namesilo,,,19/09/2026 12:07
42e1fc01-7653-490f-a366-7bb35aa6497e,starless.garden,available,1.98,43.98,medium,low,8,namecheap,,,10/09/2026 18:52
95d08e61-5bad-48db-b191-dd100af5e2ec,poorer.garden,available,25.2,25.2,low,low,6,cloudflare,,,29/09/2026 23:56
1cad2890-9b0f-4b8a-995f-e129504b3383,realizing.garden,available,1.24,26.08,medium,low,9,spaceship,,,28/09/2026 23:15
ff4facbf-75d8-4a58-b5be-9e1403da0c2a,stunted.garden,available,1.98,43.98,medium,low,7,namecheap,,,10/09/2026 23:04
4c17a239-7e34-4f32-a0c2-c7273fdb4154,abstruse.garden,available,1.98,43.98,medium,low,8,namecheap,,,
8f7bf146-57eb-43eb-b024-3e9fc29bc9c7,frankish.garden,available,1.98,43.98,medium,low,8,namecheap,,,18/08/2026 14:14
9b040722-db8e-4484-ad89-ef661df97da7,underived.garden,available,1.98,43.98,medium,low,9,namecheap,,,12/09/2026 07:29
278a849a-fcb0-4830-86b0-dff161a84c8c,ransacked.garden,available,1.98,43.98,medium,low,9,namecheap,,,24/08/2026 09:49
208adb9c-1810-4c79-8a38-9c973e2e0832,assur.garden,available,1.98,43.98,high,low,5,namecheap,,,20/09/2026 16:41
6d82e06a-c80d-439b-8ffd-bdd24a9a229c,corrosion.garden,available,1.98,43.98,high,low,9,namecheap,,,24/09/2026 18:21
861e25c5-ccdc-434a-a02e-07b8ebd0cfb8,demoted.garden,available,2.19,32.49,low,low,7,namesilo,,,21/09/2026 05:02